scenario_id,duration_type,weather_type,rain_prob,dust_level,hour,trip_goal,current_place_type,companion_type,adult_count,child_count,transport,activity_level,avg_stay_minutes,indoor_ratio,event_active,event_schedule_known,tags,hunger,fatigue,need_indoor,keep_mood,move_tolerance,kids_tolerance,photo_motivation,course_depth,next_scene,meal_style_primary,meal_style_secondary,confidence_grade
SCN_0001,2h,sunny,15,good,10,indoor,indoor_culture,solo,1,0,public,low,50,0.85,0,0,indoor_comfort|quiet,0.2,0.15,0.0,0.3,0.3,1.0,0.2,2,meal,light_quick_meal,warm_comfort_meal,A
SCN_0002,2h,cloudy,60,good,16,family,cafe_area,couple,2,0,car,low,50,0.8,0,0,family_friendly|indoor_comfort|scenic,0.2,0.15,0.45,0.5,0.5,1.0,0.3,2,sunset_finish,,,A
SCN_0003,half_day,sunny,10,normal,9,healing,nature,friends,3,0,car,medium,55,0.1,0,0,healing|quiet|scenic,0.3,0.35,0.0,1.0,0.7,1.0,0.3,3,short_walk,,,A
SCN_0004,half_day,cloudy,50,normal,14,indoor,festival,family_large,2,3,car,medium,95,0.4,1,1,family_friendly|festival_event|indoor_comfort|interactive|kids_friendly,0.4,0.65,0.0,0.3,0.35,0.5,0.2,3,go_home,,,A
SCN_0005,full_day,cloudy,30,bad,16,indoor,history,friends,3,0,car,medium,50,0.25,0,0,indoor_comfort|quiet,0.3,0.4,0.3,0.3,0.75,1.0,0.2,4,indoor_visit,,,A
SCN_0006,half_day,cloudy,30,good,14,healing,cafe_area,family_medium,2,2,car,low,50,0.6,0,0,indoor_comfort|scenic,0.2,0.35,0.0,0.8,0.5,0.7,0.3,3,short_walk,,,A
SCN_0007,half_day,rainy,70,normal,9,indoor,history,family_large,2,3,car,medium,50,0.35,0,0,indoor_comfort|quiet,0.3,0.55,0.45,0.3,0.5,0.6,0.2,3,indoor_backup,,,A
SCN_0008,half_day,cloudy,40,normal,12,indoor,nature,solo,1,0,car,medium,80,0.0,0,0,healing|indoor_comfort|quiet|scenic,0.85,0.45,0.0,0.7,0.7,1.0,0.3,3,meal,hearty_refuel_meal,warm_comfort_meal,A
SCN_0009,2h,cloudy,60,good,16,experience,indoor_culture,friends,3,0,car,low,75,0.85,0,0,indoor_comfort|interactive|quiet,0.3,0.25,0.45,0.3,0.5,1.0,0.2,2,meal,light_quick_meal,warm_comfort_meal,A
SCN_0010,half_day,sunny,0,good,14,indoor,nature,family_large,2,3,car,medium,60,0.1,0,0,healing|indoor_comfort|quiet|scenic,0.4,0.65,0.1,0.7,0.35,0.5,0.3,3,go_home,,,A
SCN_0011,full_day,sunny,20,bad,14,healing,cafe_area,solo,1,0,public,low,50,0.7,0,0,indoor_comfort|scenic,0.2,0.2,0.3,0.8,0.55,1.0,0.3,4,indoor_visit,,,A
SCN_0012,half_day,sunny,15,normal,15,family,history,solo,1,0,car,high,70,0.35,0,0,family_friendly|quiet,0.5,0.6,0.0,0.3,0.55,1.0,0.2,3,meal,warm_comfort_meal,family_relaxed_meal,A
SCN_0013,full_day,rainy,80,bad,8,indoor,indoor_culture,family_medium,2,2,car,low,80,1.0,0,0,indoor_comfort|quiet,0.3,0.5,0.75,0.3,0.55,0.6,0.2,4,indoor_backup,,,A
SCN_0014,2h,cloudy,40,good,15,healing,history,friends,3,0,car,medium,60,0.25,0,0,quiet,0.4,0.45,0.0,0.6,0.5,1.0,0.2,2,cafe_rest,,,A
SCN_0015,2h,rainy,95,good,10,healing,festival,family_large,2,3,car,medium,95,0.3,1,1,family_friendly|festival_event|interactive|kids_friendly,0.4,0.65,0.45,0.6,0.15,0.5,0.2,2,go_home,,,A
SCN_0016,2h,cloudy,50,good,17,experience,festival,family_large,2,3,car,medium,95,0.3,1,1,family_friendly|festival_event|interactive|kids_friendly,0.8,0.65,0.0,0.3,0.15,0.5,0.2,2,meal,family_relaxed_meal,hearty_refuel_meal,A
SCN_0017,half_day,cloudy,60,good,9,photo,history,couple,2,0,car,medium,45,0.25,0,0,photo_friendly|quiet|scenic,0.3,0.35,0.45,0.75,0.7,1.0,0.8,3,sunset_finish,,,A
SCN_0018,half_day,cloudy,30,normal,16,indoor,indoor_culture,family_small,2,1,car,low,50,0.95,0,0,indoor_comfort|quiet,0.2,0.25,0.0,0.3,0.6,0.7,0.2,3,sunset_finish,,,A
SCN_0019,half_day,cloudy,40,bad,13,photo,history,family_medium,2,2,car,medium,70,0.15,0,0,photo_friendly|quiet|scenic,0.85,0.65,0.4,0.75,0.35,0.5,0.8,3,meal,family_relaxed_meal,photo_brunch_meal,A
SCN_0020,full_day,cloudy,50,bad,13,healing,photo_spot,family_large,2,3,car,medium,55,0.05,0,0,photo_friendly|scenic,0.75,0.6,0.4,0.8,0.4,0.6,0.4,4,meal,family_relaxed_meal,quiet_rest_meal,A
SCN_0021,full_day,cloudy,20,normal,10,experience,indoor_culture,family_small,2,1,public,low,55,0.95,0,0,indoor_comfort|interactive|quiet,0.2,0.3,0.0,0.3,0.45,0.7,0.2,4,short_walk,,,A
SCN_0022,full_day,sunny,20,normal,11,experience,festival,family_small,2,1,car,medium,95,0.3,1,1,family_friendly|festival_event|interactive|kids_friendly,0.85,0.6,0.0,0.3,0.5,0.5,0.2,4,meal,family_relaxed_meal,hearty_refuel_meal,A
SCN_0023,full_day,cloudy,40,bad,9,healing,indoor_culture,friends,3,0,car,low,65,0.95,0,0,indoor_comfort|quiet,0.3,0.3,0.3,0.6,0.75,1.0,0.2,4,indoor_visit,,,A
SCN_0024,2h,cloudy,30,bad,14,indoor,cafe_area,couple,2,0,car,low,50,0.7,0,0,indoor_comfort|scenic,0.2,0.15,0.3,0.5,0.5,1.0,0.3,2,indoor_visit,,,A
SCN_0025,half_day,sunny,5,normal,13,experience,nature,solo,1,0,car,medium,80,0.0,0,0,healing|interactive|quiet|scenic,0.85,0.45,0.0,0.7,0.7,1.0,0.3,3,meal,hearty_refuel_meal,warm_comfort_meal,A
SCN_0026,2h,cloudy,30,bad,12,indoor,history,family_small,2,1,car,medium,50,0.15,0,0,indoor_comfort|quiet,0.75,0.45,0.3,0.3,0.4,0.6,0.2,2,meal,family_relaxed_meal,light_quick_meal,A
SCN_0027,half_day,rainy,90,normal,9,healing,photo_spot,friends,3,0,car,medium,55,0.05,0,0,photo_friendly|scenic,0.3,0.35,0.45,0.8,0.7,1.0,0.4,3,indoor_visit,,,A
SCN_0028,half_day,rainy,70,normal,14,family,festival,family_large,2,3,car,medium,95,0.4,1,1,family_friendly|festival_event|interactive|kids_friendly,0.4,0.65,0.45,0.3,0.35,0.5,0.2,3,go_home,,,A
SCN_0029,half_day,cloudy,40,normal,16,photo,photo_spot,solo,1,0,public,medium,40,0.05,0,0,photo_friendly|scenic,0.3,0.35,0.0,0.75,0.5,1.0,0.9,3,sunset_finish,,,A
SCN_0030,2h,cloudy,40,normal,15,family,history,family_large,2,3,car,high,75,0.15,0,0,family_friendly|kids_friendly|quiet,0.5,0.8,0.1,0.3,0.15,0.4,0.2,2,go_home,,,A
SCN_0031,full_day,cloudy,30,good,10,healing,cafe_area,couple,2,0,public,low,35,0.6,0,0,indoor_comfort|scenic,0.2,0.2,0.0,0.8,0.55,1.0,0.3,4,short_walk,,,A
SCN_0032,2h,cloudy,20,good,13,healing,festival,couple,2,0,car,medium,90,0.4,1,1,family_friendly|festival_event|interactive|kids_friendly,0.85,0.45,0.0,0.6,0.5,1.0,0.2,2,meal,hearty_refuel_meal,quiet_rest_meal,A
SCN_0033,2h,sunny,5,good,13,healing,indoor_culture,family_medium,2,2,public,low,55,0.85,0,0,indoor_comfort|quiet,0.65,0.35,0.0,0.6,0.1,0.7,0.2,2,meal,family_relaxed_meal,warm_comfort_meal,A
SCN_0034,full_day,sunny,0,good,11,family,cafe_area,family_medium,2,2,car,low,40,0.7,0,0,family_friendly|indoor_comfort|kids_friendly|scenic,0.65,0.4,0.0,0.5,0.55,0.7,0.3,4,meal,family_relaxed_meal,warm_comfort_meal,A
SCN_0035,2h,sunny,15,normal,14,healing,history,friends,3,0,public,high,70,0.15,0,0,quiet,0.5,0.6,0.1,0.6,0.15,1.0,0.2,2,meal,quiet_rest_meal,warm_comfort_meal,A
SCN_0036,full_day,sunny,0,normal,16,family,cafe_area,solo,1,0,public,low,40,0.8,0,0,family_friendly|indoor_comfort|scenic,0.2,0.2,0.0,0.5,0.55,1.0,0.3,4,sunset_finish,,,A
SCN_0037,half_day,cloudy,20,good,12,healing,cafe_area,family_large,2,3,public,low,50,0.7,0,0,indoor_comfort|scenic,0.65,0.35,0.0,0.8,0.3,0.7,0.3,3,meal,family_relaxed_meal,warm_comfort_meal,A
SCN_0038,half_day,sunny,0,normal,13,experience,history,couple,2,0,car,high,75,0.15,0,0,interactive|quiet,0.95,0.6,0.1,0.3,0.55,1.0,0.2,3,meal,hearty_refuel_meal,warm_comfort_meal,A
SCN_0039,half_day,sunny,5,good,14,healing,indoor_culture,solo,1,0,public,low,65,1.0,0,0,indoor_comfort|quiet,0.3,0.25,0.0,0.6,0.5,1.0,0.2,3,short_walk,,,A
SCN_0040,full_day,rainy,60,good,12,experience,nature,family_small,2,1,car,high,55,0.1,0,0,healing|interactive|quiet|scenic,0.85,0.65,0.55,0.7,0.5,0.5,0.3,4,meal,family_relaxed_meal,hearty_refuel_meal,A
SCN_0041,half_day,rainy,90,good,11,family,cafe_area,couple,2,0,public,low,35,0.7,0,0,family_friendly|indoor_comfort|scenic,0.65,0.15,0.45,0.5,0.5,1.0,0.3,3,meal,warm_comfort_meal,family_relaxed_meal,A
SCN_0042,2h,rainy,60,bad,12,healing,festival,family_large,2,3,car,medium,65,0.4,1,1,family_friendly|festival_event|interactive|kids_friendly,0.85,0.65,0.75,0.6,0.15,0.5,0.2,2,meal,family_relaxed_meal,hearty_refuel_meal,A
SCN_0043,half_day,sunny,10,normal,12,healing,cafe_area,friends,3,0,car,low,50,0.6,0,0,indoor_comfort|scenic,0.65,0.15,0.0,0.8,0.7,1.0,0.3,3,meal,warm_comfort_meal,family_relaxed_meal,A
SCN_0044,full_day,sunny,15,good,8,family,festival,family_medium,2,2,car,medium,65,0.4,1,1,family_friendly|festival_event|interactive|kids_friendly,0.4,0.7,0.0,0.3,0.4,0.5,0.2,4,go_home,,,A
SCN_0045,2h,rainy,95,bad,16,healing,photo_spot,family_large,2,3,public,high,45,0.05,0,0,photo_friendly|scenic,0.4,0.7,0.85,0.8,0.0,0.5,0.4,2,cafe_rest,,,A
SCN_0046,half_day,sunny,5,bad,9,experience,indoor_culture,friends,3,0,car,low,50,0.95,0,0,indoor_comfort|interactive|quiet,0.2,0.15,0.3,0.3,0.7,1.0,0.2,3,indoor_visit,,,A
SCN_0047,full_day,rainy,60,good,14,experience,photo_spot,family_small,2,1,car,high,45,0.25,0,0,interactive|photo_friendly|scenic,0.4,0.65,0.45,0.5,0.5,0.5,0.4,4,cafe_rest,,,A
SCN_0048,full_day,cloudy,30,normal,12,family,history,family_medium,2,2,car,medium,75,0.15,0,0,family_friendly|kids_friendly|quiet,0.85,0.7,0.1,0.3,0.4,0.5,0.2,4,meal,family_relaxed_meal,hearty_refuel_meal,A
SCN_0049,2h,rainy,95,normal,11,experience,cafe_area,couple,2,0,car,low,50,0.7,0,0,indoor_comfort|interactive|scenic,0.65,0.15,0.45,0.5,0.5,1.0,0.3,2,meal,warm_comfort_meal,light_quick_meal,A
SCN_0050,half_day,cloudy,30,normal,14,family,history,family_large,2,3,public,medium,70,0.25,0,0,family_friendly|kids_friendly|quiet,0.4,0.65,0.0,0.3,0.15,0.5,0.2,3,go_home,,,A
SCN_0051,half_day,cloudy,60,normal,15,healing,cafe_area,family_large,2,3,car,low,60,0.8,0,0,indoor_comfort|scenic,0.3,0.45,0.45,0.8,0.5,0.6,0.3,3,cafe_rest,,,A
SCN_0052,2h,rainy,90,good,16,experience,photo_spot,family_small,2,1,car,high,40,0.25,0,0,interactive|photo_friendly|scenic,0.4,0.6,0.45,0.5,0.25,0.5,0.4,2,cafe_rest,,,A
SCN_0053,full_day,rainy,95,bad,10,photo,indoor_culture,solo,1,0,car,low,80,1.0,0,0,indoor_comfort|photo_friendly|quiet|scenic,0.3,0.3,0.75,0.75,0.75,1.0,0.8,4,sunset_finish,,,A
SCN_0054,2h,rainy,95,normal,12,indoor,history,friends,3,0,car,medium,70,0.35,0,0,indoor_comfort|quiet,0.85,0.45,0.45,0.3,0.5,1.0,0.2,2,meal,hearty_refuel_meal,warm_comfort_meal,A
SCN_0055,half_day,cloudy,50,good,10,healing,cafe_area,family_medium,2,2,car,low,35,0.8,0,0,indoor_comfort|scenic,0.2,0.35,0.0,0.8,0.5,0.7,0.3,3,short_walk,,,A
SCN_0056,half_day,cloudy,40,good,16,photo,cafe_area,family_large,2,3,car,low,40,0.8,0,0,indoor_comfort|photo_friendly|scenic,0.2,0.35,0.0,0.75,0.5,0.7,0.8,3,sunset_finish,,,A
SCN_0057,half_day,sunny,5,normal,14,indoor,photo_spot,friends,3,0,public,medium,55,0.05,0,0,indoor_comfort|photo_friendly|scenic,0.3,0.35,0.0,0.5,0.5,1.0,0.4,3,short_walk,,,A
SCN_0058,2h,sunny,15,normal,16,photo,history,solo,1,0,car,high,50,0.25,0,0,photo_friendly|quiet|scenic,0.4,0.5,0.0,0.75,0.5,1.0,0.8,2,sunset_finish,,,A
SCN_0059,full_day,cloudy,20,good,16,indoor,nature,family_medium,2,2,car,medium,70,0.0,0,0,healing|indoor_comfort|quiet|scenic,0.4,0.7,0.1,0.7,0.4,0.5,0.3,4,cafe_rest,,,A
SCN_0060,2h,sunny,15,normal,17,healing,photo_spot,friends,3,0,public,high,55,0.25,0,0,photo_friendly|scenic,0.8,0.5,0.0,0.8,0.3,1.0,0.4,2,meal,hearty_refuel_meal,quiet_rest_meal,A
SCN_0061,half_day,cloudy,20,normal,11,family,indoor_culture,family_small,2,1,car,low,65,0.85,0,0,family_friendly|indoor_comfort|kids_friendly|quiet,0.75,0.35,0.0,0.3,0.6,0.6,0.2,3,meal,family_relaxed_meal,warm_comfort_meal,A
SCN_0062,2h,rainy,95,normal,17,family,cafe_area,family_small,2,1,car,low,35,0.8,0,0,family_friendly|indoor_comfort|kids_friendly|scenic,0.6,0.25,0.45,0.5,0.4,0.7,0.3,2,meal,family_relaxed_meal,warm_comfort_meal,A
SCN_0063,half_day,rainy,70,normal,12,photo,indoor_culture,couple,2,0,public,low,65,0.95,0,0,indoor_comfort|photo_friendly|quiet|scenic,0.75,0.25,0.45,0.75,0.5,1.0,0.8,3,sunset_finish,,,A
SCN_0064,full_day,cloudy,50,bad,9,family,photo_spot,friends,3,0,public,medium,55,0.15,0,0,family_friendly|photo_friendly|scenic,0.3,0.4,0.3,0.5,0.55,1.0,0.4,4,cafe_rest,,,A
SCN_0065,full_day,cloudy,60,normal,10,experience,festival,couple,2,0,public,medium,80,0.4,1,1,family_friendly|festival_event|interactive|kids_friendly,0.4,0.5,0.45,0.3,0.55,1.0,0.2,4,cafe_rest,,,A
SCN_0066,2h,rainy,90,normal,16,photo,history,couple,2,0,public,medium,50,0.15,0,0,photo_friendly|quiet|scenic,0.3,0.35,0.45,0.75,0.3,1.0,0.8,2,sunset_finish,,,A
SCN_0067,half_day,rainy,95,good,11,photo,festival,family_small,2,1,car,medium,70,0.3,1,1,family_friendly|festival_event|interactive|kids_friendly|photo_friendly|scenic,0.85,0.55,0.45,0.75,0.6,0.5,0.8,3,meal,family_relaxed_meal,photo_brunch_meal,A
SCN_0068,2h,cloudy,30,normal,10,healing,indoor_culture,couple,2,0,car,low,55,0.95,0,0,indoor_comfort|quiet,0.2,0.15,0.0,0.6,0.5,1.0,0.2,2,short_walk,,,A
SCN_0069,2h,sunny,15,bad,17,healing,indoor_culture,couple,2,0,car,low,80,0.85,0,0,indoor_comfort|quiet,0.7,0.25,0.3,0.6,0.5,1.0,0.2,2,meal,warm_comfort_meal,light_quick_meal,A
SCN_0070,full_day,cloudy,50,normal,12,healing,photo_spot,couple,2,0,car,medium,40,0.25,0,0,photo_friendly|scenic,0.75,0.4,0.0,0.8,0.75,1.0,0.4,4,meal,warm_comfort_meal,family_relaxed_meal,A
SCN_0071,half_day,sunny,5,normal,11,indoor,cafe_area,family_large,2,3,car,low,60,0.8,0,0,indoor_comfort|scenic,0.75,0.45,0.0,0.5,0.5,0.6,0.3,3,meal,family_relaxed_meal,warm_comfort_meal,A
SCN_0072,2h,rainy,60,good,12,experience,cafe_area,couple,2,0,car,low,40,0.8,0,0,indoor_comfort|interactive|scenic,0.65,0.15,0.45,0.5,0.5,1.0,0.3,2,meal,warm_comfort_meal,light_quick_meal,A
SCN_0073,2h,cloudy,50,normal,13,indoor,festival,family_large,2,3,car,medium,80,0.4,1,1,family_friendly|festival_event|indoor_comfort|interactive|kids_friendly,0.85,0.65,0.0,0.3,0.15,0.5,0.2,2,meal,family_relaxed_meal,hearty_refuel_meal,A
SCN_0074,half_day,sunny,0,good,9,photo,history,couple,2,0,public,medium,50,0.25,0,0,photo_friendly|quiet|scenic,0.3,0.35,0.0,0.75,0.5,1.0,0.8,3,sunset_finish,,,A
SCN_0075,half_day,cloudy,30,good,16,indoor,history,family_small,2,1,car,medium,70,0.25,0,0,indoor_comfort|quiet,0.4,0.55,0.0,0.3,0.6,0.5,0.2,3,meal,family_relaxed_meal,warm_comfort_meal,A
SCN_0076,2h,rainy,80,normal,13,indoor,indoor_culture,family_small,2,1,car,low,50,0.85,0,0,indoor_comfort|quiet,0.65,0.25,0.45,0.3,0.4,0.7,0.2,2,meal,family_relaxed_meal,warm_comfort_meal,A
SCN_0077,2h,cloudy,30,normal,12,family,indoor_culture,family_medium,2,2,car,low,65,0.85,0,0,family_friendly|indoor_comfort|kids_friendly|quiet,0.75,0.45,0.0,0.3,0.3,0.6,0.2,2,meal,family_relaxed_meal,light_quick_meal,A
SCN_0078,full_day,cloudy,50,good,14,photo,cafe_area,family_large,2,3,car,low,65,0.7,0,0,indoor_comfort|photo_friendly|scenic,0.3,0.5,0.0,0.75,0.55,0.6,0.8,4,sunset_finish,,,A
SCN_0079,half_day,cloudy,30,good,12,indoor,cafe_area,friends,3,0,car,low,65,0.7,0,0,indoor_comfort|scenic,0.75,0.25,0.0,0.5,0.7,1.0,0.3,3,meal,warm_comfort_meal,family_relaxed_meal,A
SCN_0080,half_day,rainy,60,good,16,experience,indoor_culture,friends,3,0,car,low,65,0.85,0,0,indoor_comfort|interactive|quiet,0.3,0.25,0.45,0.3,0.7,1.0,0.2,3,indoor_backup,,,A
SCN_0081,half_day,sunny,20,normal,12,photo,cafe_area,friends,3,0,public,low,60,0.8,0,0,indoor_comfort|photo_friendly|scenic,0.75,0.25,0.0,0.75,0.5,1.0,0.8,3,sunset_finish,,,A
SCN_0082,half_day,sunny,5,normal,14,experience,photo_spot,family_small,2,1,public,medium,55,0.05,0,0,interactive|photo_friendly|scenic,0.3,0.45,0.0,0.5,0.4,0.6,0.4,3,meal,family_relaxed_meal,warm_comfort_meal,A
SCN_0083,half_day,sunny,20,good,16,indoor,indoor_culture,family_medium,2,2,car,low,75,0.95,0,0,indoor_comfort|quiet,0.3,0.45,0.0,0.3,0.5,0.6,0.2,3,sunset_finish,,,A
SCN_0084,2h,sunny,5,good,15,indoor,nature,family_large,2,3,car,medium,55,0.2,0,0,healing|indoor_comfort|quiet|scenic,0.3,0.55,0.1,0.7,0.3,0.6,0.3,2,cafe_rest,,,A
SCN_0085,full_day,cloudy,50,normal,11,experience,cafe_area,family_medium,2,2,car,low,40,0.6,0,0,indoor_comfort|interactive|scenic,0.65,0.4,0.0,0.5,0.55,0.7,0.3,4,meal,family_relaxed_meal,warm_comfort_meal,A
SCN_0086,2h,cloudy,40,normal,14,experience,festival,friends,3,0,public,medium,90,0.3,1,1,family_friendly|festival_event|interactive|kids_friendly,0.4,0.45,0.0,0.3,0.3,1.0,0.2,2,meal,light_quick_meal,warm_comfort_meal,A
SCN_0087,2h,sunny,0,bad,15,healing,indoor_culture,friends,3,0,car,low,50,0.95,0,0,indoor_comfort|quiet,0.2,0.15,0.3,0.6,0.5,1.0,0.2,2,indoor_visit,,,A
SCN_0088,full_day,rainy,70,bad,13,experience,nature,friends,3,0,car,medium,70,0.2,0,0,healing|interactive|quiet|scenic,0.85,0.5,0.75,0.7,0.75,1.0,0.3,4,meal,hearty_refuel_meal,warm_comfort_meal,A
SCN_0089,half_day,sunny,10,normal,14,experience,cafe_area,family_small,2,1,car,low,50,0.8,0,0,indoor_comfort|interactive|scenic,0.2,0.25,0.0,0.5,0.6,0.7,0.3,3,short_walk,,,A
SCN_0090,half_day,cloudy,30,normal,10,experience,indoor_culture,couple,2,0,car,low,65,0.95,0,0,indoor_comfort|interactive|quiet,0.3,0.25,0.0,0.3,0.7,1.0,0.2,3,short_walk,,,A
SCN_0091,full_day,cloudy,60,good,11,photo,festival,family_small,2,1,car,medium,90,0.2,1,1,family_friendly|festival_event|interactive|kids_friendly|photo_friendly|scenic,0.85,0.6,0.55,0.75,0.5,0.5,0.8,4,meal,family_relaxed_meal,photo_brunch_meal,A
SCN_0092,full_day,cloudy,60,bad,9,indoor,cafe_area,couple,2,0,public,low,40,0.6,0,0,indoor_comfort|scenic,0.2,0.2,0.75,0.5,0.55,1.0,0.3,4,indoor_visit,,,A
SCN_0093,2h,rainy,95,bad,16,family,indoor_culture,couple,2,0,public,low,75,1.0,0,0,family_friendly|indoor_comfort|quiet,0.3,0.25,0.75,0.3,0.3,1.0,0.2,2,indoor_backup,,,A
SCN_0094,2h,rainy,80,normal,10,indoor,festival,family_small,2,1,car,medium,65,0.2,1,1,family_friendly|festival_event|indoor_comfort|interactive|kids_friendly,0.4,0.55,0.55,0.3,0.4,0.5,0.2,2,indoor_backup,,,A
SCN_0095,half_day,sunny,5,bad,10,healing,photo_spot,solo,1,0,car,medium,45,0.15,0,0,photo_friendly|scenic,0.3,0.35,0.3,0.8,0.7,1.0,0.4,3,cafe_rest,,,A
SCN_0096,2h,sunny,5,normal,12,experience,festival,family_medium,2,2,car,medium,95,0.2,1,1,family_friendly|festival_event|interactive|kids_friendly,0.85,0.65,0.1,0.3,0.15,0.5,0.2,2,meal,family_relaxed_meal,hearty_refuel_meal,A
SCN_0097,2h,cloudy,50,normal,11,indoor,nature,friends,3,0,public,medium,60,0.0,0,0,healing|indoor_comfort|quiet|scenic,0.85,0.45,0.0,0.7,0.3,1.0,0.3,2,meal,hearty_refuel_meal,light_quick_meal,A
SCN_0098,2h,sunny,5,normal,13,healing,indoor_culture,family_large,2,3,car,low,65,0.85,0,0,indoor_comfort|quiet,0.75,0.45,0.0,0.6,0.3,0.6,0.2,2,meal,family_relaxed_meal,quiet_rest_meal,A
SCN_0099,2h,cloudy,60,normal,14,family,nature,solo,1,0,public,medium,70,0.1,0,0,family_friendly|healing|quiet|scenic,0.4,0.45,0.45,0.7,0.3,1.0,0.3,2,cafe_rest,,,A
SCN_0100,full_day,sunny,0,normal,8,indoor,photo_spot,solo,1,0,car,medium,70,0.25,0,0,indoor_comfort|photo_friendly|scenic,0.4,0.5,0.0,0.5,0.75,1.0,0.4,4,short_walk,,,A
SCN_0101,full_day,sunny,5,good,13,experience,cafe_area,friends,3,0,car,low,65,0.8,0,0,indoor_comfort|interactive|scenic,0.75,0.3,0.0,0.5,0.75,1.0,0.3,4,meal,warm_comfort_meal,family_relaxed_meal,A
SCN_0102,full_day,sunny,10,good,9,family,nature,family_medium,2,2,car,medium,80,0.1,0,0,family_friendly|healing|kids_friendly|quiet|scenic,0.4,0.7,0.1,0.7,0.4,0.5,0.3,4,go_home,,,A
SCN_0103,2h,sunny,20,bad,14,photo,history,family_large,2,3,public,medium,75,0.25,0,0,photo_friendly|quiet|scenic,0.4,0.65,0.3,0.75,0.0,0.5,0.8,2,sunset_finish,,,A
SCN_0104,2h,sunny,15,normal,11,photo,cafe_area,family_medium,2,2,car,low,60,0.7,0,0,indoor_comfort|photo_friendly|scenic,0.75,0.45,0.0,0.75,0.3,0.6,0.8,2,meal,family_relaxed_meal,photo_brunch_meal,A
SCN_0105,half_day,cloudy,20,normal,9,experience,cafe_area,family_small,2,1,car,low,40,0.7,0,0,indoor_comfort|interactive|scenic,0.2,0.25,0.0,0.5,0.6,0.7,0.3,3,short_walk,,,A
SCN_0106,half_day,sunny,5,good,13,indoor,cafe_area,solo,1,0,public,low,65,0.7,0,0,indoor_comfort|scenic,0.75,0.25,0.0,0.5,0.5,1.0,0.3,3,meal,warm_comfort_meal,family_relaxed_meal,A
SCN_0107,half_day,sunny,20,normal,9,indoor,indoor_culture,solo,1,0,car,low,50,0.95,0,0,indoor_comfort|quiet,0.2,0.15,0.0,0.3,0.7,1.0,0.2,3,indoor_visit,,,A
SCN_0108,2h,sunny,5,good,13,experience,festival,family_medium,2,2,car,medium,70,0.3,1,1,family_friendly|festival_event|interactive|kids_friendly,0.85,0.65,0.0,0.3,0.15,0.5,0.2,2,meal,family_relaxed_meal,hearty_refuel_meal,A
SCN_0109,2h,cloudy,40,normal,12,photo,photo_spot,friends,3,0,public,medium,45,0.15,0,0,photo_friendly|scenic,0.75,0.35,0.0,0.75,0.3,1.0,0.9,2,meal,photo_brunch_meal,light_quick_meal,A
SCN_0110,half_day,sunny,5,good,9,family,indoor_culture,family_small,2,1,car,low,50,0.95,0,0,family_friendly|indoor_comfort|kids_friendly|quiet,0.2,0.25,0.0,0.3,0.6,0.7,0.2,3,short_walk,,,A
SCN_0111,half_day,rainy,70,good,10,photo,photo_spot,friends,3,0,public,medium,40,0.05,0,0,photo_friendly|scenic,0.3,0.35,0.45,0.75,0.5,1.0,0.9,3,sunset_finish,,,A
SCN_0112,2h,rainy,70,normal,10,experience,history,family_large,2,3,car,medium,75,0.35,0,0,interactive|quiet,0.4,0.65,0.45,0.3,0.15,0.5,0.2,2,go_home,,,A
SCN_0113,half_day,sunny,5,normal,13,indoor,photo_spot,solo,1,0,car,medium,70,0.05,0,0,indoor_comfort|photo_friendly|scenic,0.85,0.45,0.0,0.5,0.7,1.0,0.4,3,meal,hearty_refuel_meal,warm_comfort_meal,A
SCN_0114,full_day,sunny,5,normal,14,photo,indoor_culture,couple,2,0,car,low,80,0.95,0,0,indoor_comfort|photo_friendly|quiet|scenic,0.3,0.3,0.0,0.75,0.75,1.0,0.8,4,sunset_finish,,,A
SCN_0115,full_day,sunny,10,normal,15,photo,nature,couple,2,0,public,medium,60,0.1,0,0,healing|photo_friendly|quiet|scenic,0.4,0.5,0.0,0.95,0.55,1.0,0.8,4,sunset_finish,,,A
SCN_0116,half_day,rainy,70,bad,16,indoor,nature,friends,3,0,public,high,85,0.2,0,0,healing|indoor_comfort|quiet|scenic,0.5,0.6,0.85,0.7,0.35,1.0,0.3,3,indoor_backup,,,A
SCN_0117,half_day,cloudy,40,good,12,photo,festival,solo,1,0,car,medium,70,0.4,1,1,family_friendly|festival_event|interactive|kids_friendly|photo_friendly|scenic,0.85,0.45,0.0,0.75,0.7,1.0,0.8,3,meal,photo_brunch_meal,hearty_refuel_meal,A
SCN_0118,2h,sunny,10,bad,10,experience,indoor_culture,family_medium,2,2,car,low,80,0.95,0,0,indoor_comfort|interactive|quiet,0.3,0.45,0.3,0.3,0.3,0.6,0.2,2,indoor_backup,,,A
SCN_0119,full_day,sunny,0,normal,10,indoor,photo_spot,family_medium,2,2,car,medium,40,0.25,0,0,indoor_comfort|photo_friendly|scenic,0.3,0.6,0.0,0.5,0.4,0.6,0.4,4,go_home,,,A
SCN_0120,2h,rainy,80,normal,11,photo,history,friends,3,0,public,medium,50,0.25,0,0,photo_friendly|quiet|scenic,0.75,0.35,0.45,0.75,0.3,1.0,0.8,2,meal,photo_brunch_meal,warm_comfort_meal,A
SCN_0121,full_day,sunny,15,normal,12,indoor,history,solo,1,0,car,medium,45,0.25,0,0,indoor_comfort|quiet,0.75,0.4,0.0,0.3,0.75,1.0,0.2,4,meal,warm_comfort_meal,family_relaxed_meal,A
SCN_0122,2h,cloudy,20,good,17,healing,history,family_large,2,3,car,medium,75,0.25,0,0,quiet,0.8,0.65,0.0,0.6,0.15,0.5,0.2,2,meal,family_relaxed_meal,hearty_refuel_meal,A
SCN_0123,half_day,cloudy,30,good,16,experience,festival,couple,2,0,public,medium,80,0.3,1,1,family_friendly|festival_event|interactive|kids_friendly,0.4,0.45,0.0,0.3,0.5,1.0,0.2,3,meal,warm_comfort_meal,family_relaxed_meal,A
SCN_0124,full_day,cloudy,30,normal,11,family,indoor_culture,family_large,2,3,car,low,65,0.95,0,0,family_friendly|indoor_comfort|kids_friendly|quiet,0.75,0.5,0.0,0.3,0.55,0.6,0.2,4,meal,family_relaxed_meal,warm_comfort_meal,A
SCN_0125,full_day,rainy,70,normal,10,experience,cafe_area,solo,1,0,car,low,50,0.8,0,0,indoor_comfort|interactive|scenic,0.2,0.2,0.45,0.5,0.75,1.0,0.3,4,indoor_visit,,,A
SCN_0126,full_day,cloudy,30,normal,16,indoor,indoor_culture,friends,3,0,car,low,80,0.95,0,0,indoor_comfort|quiet,0.3,0.3,0.0,0.3,0.75,1.0,0.2,4,sunset_finish,,,A
SCN_0127,full_day,cloudy,60,normal,9,family,photo_spot,family_medium,2,2,car,medium,65,0.05,0,0,family_friendly|kids_friendly|photo_friendly|scenic,0.4,0.7,0.55,0.5,0.4,0.5,0.4,4,go_home,,,A
SCN_0128,half_day,sunny,0,good,14,healing,festival,family_medium,2,2,car,medium,65,0.4,1,1,family_friendly|festival_event|interactive|kids_friendly,0.4,0.65,0.0,0.6,0.35,0.5,0.2,3,go_home,,,A
SCN_0129,full_day,cloudy,30,good,11,indoor,cafe_area,couple,2,0,car,low,35,0.8,0,0,indoor_comfort|scenic,0.65,0.2,0.0,0.5,0.75,1.0,0.3,4,meal,warm_comfort_meal,family_relaxed_meal,A
SCN_0130,full_day,sunny,20,bad,8,experience,festival,solo,1,0,car,medium,80,0.2,1,1,family_friendly|festival_event|interactive|kids_friendly,0.4,0.5,0.3,0.3,0.75,1.0,0.2,4,indoor_visit,,,A
SCN_0131,half_day,sunny,20,good,13,indoor,festival,family_large,2,3,car,medium,95,0.4,1,1,family_friendly|festival_event|indoor_comfort|interactive|kids_friendly,0.85,0.65,0.0,0.3,0.35,0.5,0.2,3,meal,family_relaxed_meal,hearty_refuel_meal,A
SCN_0132,full_day,sunny,15,good,16,photo,cafe_area,friends,3,0,car,low,35,0.8,0,0,indoor_comfort|photo_friendly|scenic,0.2,0.2,0.0,0.75,0.75,1.0,0.8,4,sunset_finish,,,A
SCN_0133,2h,sunny,10,normal,11,indoor,festival,couple,2,0,car,medium,95,0.3,1,1,family_friendly|festival_event|indoor_comfort|interactive|kids_friendly,0.85,0.45,0.0,0.3,0.5,1.0,0.2,2,meal,hearty_refuel_meal,light_quick_meal,A
SCN_0134,half_day,sunny,0,normal,12,healing,festival,family_medium,2,2,car,medium,70,0.3,1,1,family_friendly|festival_event|interactive|kids_friendly,0.85,0.65,0.0,0.6,0.35,0.5,0.2,3,meal,family_relaxed_meal,hearty_refuel_meal,A
SCN_0135,half_day,cloudy,50,good,15,family,nature,friends,3,0,car,medium,80,0.2,0,0,family_friendly|healing|quiet|scenic,0.4,0.45,0.0,0.7,0.7,1.0,0.3,3,cafe_rest,,,A
SCN_0136,2h,cloudy,60,good,16,healing,festival,family_medium,2,2,car,medium,80,0.4,1,1,family_friendly|festival_event|interactive|kids_friendly,0.4,0.65,0.45,0.6,0.15,0.5,0.2,2,cafe_rest,,,A
SCN_0137,half_day,rainy,70,good,10,experience,photo_spot,family_small,2,1,car,high,45,0.25,0,0,interactive|photo_friendly|scenic,0.4,0.6,0.45,0.5,0.45,0.5,0.4,3,cafe_rest,,,A
SCN_0138,full_day,cloudy,40,good,10,indoor,cafe_area,solo,1,0,car,low,35,0.7,0,0,indoor_comfort|scenic,0.2,0.2,0.0,0.5,0.75,1.0,0.3,4,short_walk,,,A
SCN_0139,2h,cloudy,30,good,12,photo,indoor_culture,couple,2,0,public,low,65,1.0,0,0,indoor_comfort|photo_friendly|quiet|scenic,0.75,0.25,0.0,0.75,0.3,1.0,0.8,2,meal,photo_brunch_meal,light_quick_meal,A
SCN_0140,2h,cloudy,40,normal,11,indoor,photo_spot,family_small,2,1,public,medium,70,0.25,0,0,indoor_comfort|photo_friendly|scenic,0.85,0.55,0.0,0.5,0.2,0.5,0.4,2,meal,family_relaxed_meal,hearty_refuel_meal,A
SCN_0141,2h,sunny,5,normal,10,photo,history,family_medium,2,2,car,medium,45,0.25,0,0,photo_friendly|quiet|scenic,0.3,0.55,0.0,0.75,0.3,0.6,0.8,2,sunset_finish,,,A
SCN_0142,half_day,sunny,10,normal,11,healing,nature,friends,3,0,car,medium,70,0.1,0,0,healing|quiet|scenic,0.85,0.45,0.0,1.0,0.7,1.0,0.3,3,meal,hearty_refuel_meal,quiet_rest_meal,A
SCN_0143,full_day,cloudy,30,normal,12,experience,nature,solo,1,0,public,medium,80,0.0,0,0,healing|interactive|quiet|scenic,0.85,0.5,0.0,0.7,0.55,1.0,0.3,4,meal,hearty_refuel_meal,warm_comfort_meal,A
SCN_0144,2h,sunny,15,bad,16,family,indoor_culture,couple,2,0,public,low,80,1.0,0,0,family_friendly|indoor_comfort|quiet,0.3,0.25,0.3,0.3,0.3,1.0,0.2,2,indoor_backup,,,A
SCN_0145,full_day,cloudy,20,normal,16,family,indoor_culture,family_small,2,1,car,low,55,0.95,0,0,family_friendly|indoor_comfort|kids_friendly|quiet,0.2,0.3,0.0,0.3,0.65,0.7,0.2,4,sunset_finish,,,A
SCN_0146,2h,sunny,5,normal,17,healing,nature,couple,2,0,car,medium,55,0.2,0,0,healing|quiet|scenic,0.7,0.35,0.0,1.0,0.5,1.0,0.3,2,meal,warm_comfort_meal,light_quick_meal,A
SCN_0147,full_day,rainy,90,good,11,photo,cafe_area,solo,1,0,car,low,35,0.6,0,0,indoor_comfort|photo_friendly|scenic,0.65,0.2,0.45,0.75,0.75,1.0,0.8,4,sunset_finish,,,A
SCN_0148,half_day,cloudy,40,normal,15,photo,cafe_area,friends,3,0,car,low,35,0.8,0,0,indoor_comfort|photo_friendly|scenic,0.2,0.15,0.0,0.75,0.7,1.0,0.8,3,sunset_finish,,,A
SCN_0149,2h,cloudy,20,normal,17,experience,indoor_culture,family_large,2,3,car,low,80,0.95,0,0,indoor_comfort|interactive|quiet,0.7,0.45,0.0,0.3,0.3,0.6,0.2,2,meal,family_relaxed_meal,light_quick_meal,A
SCN_0150,full_day,cloudy,40,good,12,healing,indoor_culture,family_small,2,1,car,low,50,0.85,0,0,indoor_comfort|quiet,0.65,0.3,0.0,0.6,0.65,0.7,0.2,4,meal,family_relaxed_meal,warm_comfort_meal,A
SCN_0151,half_day,sunny,15,bad,11,indoor,cafe_area,family_large,2,3,public,low,50,0.8,0,0,indoor_comfort|scenic,0.65,0.35,0.3,0.5,0.3,0.7,0.3,3,meal,family_relaxed_meal,light_quick_meal,A
SCN_0152,full_day,rainy,95,bad,13,indoor,history,family_small,2,1,car,medium,75,0.25,0,0,indoor_comfort|quiet,0.85,0.6,0.75,0.3,0.5,0.5,0.2,4,meal,family_relaxed_meal,hearty_refuel_meal,A
SCN_0153,full_day,cloudy,40,normal,8,photo,history,couple,2,0,car,medium,60,0.15,0,0,photo_friendly|quiet|scenic,0.4,0.5,0.0,0.75,0.75,1.0,0.8,4,sunset_finish,,,A
SCN_0154,half_day,sunny,20,good,11,experience,nature,family_small,2,1,car,medium,55,0.2,0,0,healing|interactive|quiet|scenic,0.75,0.45,0.0,0.7,0.6,0.6,0.3,3,meal,family_relaxed_meal,warm_comfort_meal,A
SCN_0155,half_day,sunny,0,bad,15,indoor,cafe_area,solo,1,0,public,low,50,0.6,0,0,indoor_comfort|scenic,0.2,0.15,0.3,0.5,0.5,1.0,0.3,3,indoor_visit,,,A
SCN_0156,2h,rainy,90,normal,17,photo,nature,family_large,2,3,car,high,85,0.1,0,0,healing|photo_friendly|quiet|scenic,0.9,0.8,0.55,0.95,0.15,0.4,0.8,2,sunset_finish,,,A
SCN_0157,half_day,cloudy,50,normal,16,experience,festival,family_medium,2,2,car,medium,80,0.3,1,1,family_friendly|festival_event|interactive|kids_friendly,0.4,0.65,0.0,0.3,0.35,0.5,0.2,3,go_home,,,A
SCN_0158,half_day,sunny,20,normal,16,indoor,photo_spot,family_small,2,1,car,medium,65,0.25,0,0,indoor_comfort|photo_friendly|scenic,0.4,0.55,0.0,0.5,0.6,0.5,0.4,3,sunset_finish,,,A
SCN_0159,full_day,cloudy,40,good,9,indoor,history,solo,1,0,car,medium,45,0.25,0,0,indoor_comfort|quiet,0.3,0.4,0.0,0.3,0.75,1.0,0.2,4,short_walk,,,A
SCN_0160,2h,sunny,5,normal,10,healing,festival,family_large,2,3,public,medium,65,0.2,1,1,family_friendly|festival_event|interactive|kids_friendly,0.4,0.65,0.1,0.6,0.0,0.5,0.2,2,go_home,,,A
SCN_0161,half_day,cloudy,30,good,9,photo,nature,solo,1,0,car,medium,60,0.1,0,0,healing|photo_friendly|quiet|scenic,0.4,0.45,0.0,0.95,0.7,1.0,0.8,3,sunset_finish,,,A
SCN_0162,2h,sunny,15,normal,15,healing,nature,couple,2,0,public,medium,55,0.1,0,0,healing|quiet|scenic,0.3,0.35,0.0,1.0,0.3,1.0,0.3,2,cafe_rest,,,A
SCN_0163,2h,rainy,90,bad,10,experience,festival,family_small,2,1,car,medium,70,0.3,1,1,family_friendly|festival_event|interactive|kids_friendly,0.4,0.55,0.75,0.3,0.4,0.5,0.2,2,indoor_backup,,,A
SCN_0164,half_day,cloudy,50,normal,16,experience,indoor_culture,family_large,2,3,car,low,65,0.95,0,0,indoor_comfort|interactive|quiet,0.3,0.45,0.0,0.3,0.5,0.6,0.2,3,sunset_finish,,,A
SCN_0165,2h,cloudy,60,good,14,family,cafe_area,family_large,2,3,car,low,60,0.6,0,0,family_friendly|indoor_comfort|kids_friendly|scenic,0.3,0.45,0.45,0.5,0.3,0.6,0.3,2,cafe_rest,,,A
SCN_0166,2h,cloudy,40,good,17,photo,photo_spot,family_small,2,1,car,medium,65,0.15,0,0,photo_friendly|scenic,0.8,0.55,0.1,0.75,0.4,0.5,0.9,2,sunset_finish,,,A
SCN_0167,half_day,rainy,95,normal,10,healing,indoor_culture,family_large,2,3,car,low,50,1.0,0,0,indoor_comfort|quiet,0.2,0.35,0.45,0.6,0.5,0.7,0.2,3,indoor_backup,,,A
SCN_0168,2h,rainy,95,normal,17,photo,cafe_area,family_medium,2,2,car,low,50,0.6,0,0,indoor_comfort|photo_friendly|scenic,0.6,0.35,0.45,0.75,0.3,0.7,0.8,2,sunset_finish,,,A
SCN_0169,full_day,rainy,60,normal,11,photo,cafe_area,couple,2,0,car,low,35,0.8,0,0,indoor_comfort|photo_friendly|scenic,0.65,0.2,0.45,0.75,0.75,1.0,0.8,4,sunset_finish,,,A
SCN_0170,full_day,sunny,15,good,10,experience,photo_spot,family_medium,2,2,car,medium,70,0.15,0,0,interactive|photo_friendly|scenic,0.4,0.7,0.1,0.5,0.4,0.5,0.4,4,go_home,,,A
SCN_0171,half_day,rainy,60,good,12,photo,photo_spot,friends,3,0,public,medium,40,0.15,0,0,photo_friendly|scenic,0.75,0.35,0.45,0.75,0.5,1.0,0.9,3,sunset_finish,,,A
SCN_0172,half_day,cloudy,50,normal,15,healing,history,solo,1,0,car,medium,60,0.15,0,0,quiet,0.4,0.45,0.0,0.6,0.7,1.0,0.2,3,cafe_rest,,,A
SCN_0173,half_day,rainy,70,bad,14,family,nature,friends,3,0,public,medium,60,0.0,0,0,family_friendly|healing|quiet|scenic,0.4,0.45,0.75,0.7,0.5,1.0,0.3,3,indoor_backup,,,A
SCN_0174,2h,rainy,60,normal,16,indoor,nature,couple,2,0,public,medium,60,0.2,0,0,healing|indoor_comfort|quiet|scenic,0.4,0.45,0.45,0.7,0.3,1.0,0.3,2,indoor_visit,,,A
SCN_0175,full_day,cloudy,40,normal,9,healing,nature,couple,2,0,public,medium,60,0.0,0,0,healing|quiet|scenic,0.4,0.5,0.0,1.0,0.55,1.0,0.3,4,short_walk,,,A
SCN_0176,half_day,cloudy,60,good,16,photo,history,friends,3,0,car,medium,60,0.35,0,0,photo_friendly|quiet|scenic,0.4,0.45,0.45,0.75,0.7,1.0,0.8,3,sunset_finish,,,A
SCN_0177,full_day,rainy,70,normal,14,experience,cafe_area,solo,1,0,public,low,35,0.8,0,0,indoor_comfort|interactive|scenic,0.2,0.2,0.45,0.5,0.55,1.0,0.3,4,indoor_visit,,,A
SCN_0178,2h,cloudy,20,good,10,indoor,nature,family_medium,2,2,car,medium,70,0.0,0,0,healing|indoor_comfort|quiet|scenic,0.4,0.65,0.1,0.7,0.15,0.5,0.3,2,go_home,,,A
SCN_0179,half_day,cloudy,60,normal,16,photo,history,solo,1,0,car,medium,45,0.15,0,0,photo_friendly|quiet|scenic,0.3,0.35,0.45,0.75,0.7,1.0,0.8,3,sunset_finish,,,A
SCN_0180,half_day,cloudy,60,normal,9,family,indoor_culture,friends,3,0,car,low,80,0.85,0,0,family_friendly|indoor_comfort|quiet,0.3,0.25,0.45,0.3,0.7,1.0,0.2,3,indoor_visit,,,A
SCN_0181,half_day,sunny,5,good,9,family,festival,family_medium,2,2,car,medium,95,0.3,1,1,family_friendly|festival_event|interactive|kids_friendly,0.4,0.65,0.0,0.3,0.35,0.5,0.2,3,go_home,,,A
SCN_0182,half_day,cloudy,60,bad,15,experience,indoor_culture,family_medium,2,2,car,low,55,0.85,0,0,indoor_comfort|interactive|quiet,0.2,0.35,0.75,0.3,0.5,0.7,0.2,3,indoor_backup,,,A
SCN_0183,full_day,cloudy,30,normal,10,family,nature,family_large,2,3,car,medium,55,0.0,0,0,family_friendly|healing|kids_friendly|quiet|scenic,0.3,0.6,0.1,0.7,0.4,0.6,0.3,4,go_home,,,A
SCN_0184,full_day,rainy,80,normal,16,indoor,photo_spot,family_small,2,1,car,medium,40,0.25,0,0,indoor_comfort|photo_friendly|scenic,0.3,0.5,0.45,0.5,0.65,0.6,0.4,4,indoor_visit,,,A
SCN_0185,full_day,cloudy,20,normal,14,family,nature,family_medium,2,2,car,medium,70,0.2,0,0,family_friendly|healing|kids_friendly|quiet|scenic,0.4,0.7,0.1,0.7,0.4,0.5,0.3,4,go_home,,,A
SCN_0186,2h,cloudy,20,good,16,family,photo_spot,couple,2,0,car,medium,45,0.15,0,0,family_friendly|photo_friendly|scenic,0.3,0.35,0.0,0.5,0.5,1.0,0.4,2,sunset_finish,,,A
SCN_0187,full_day,rainy,95,normal,9,photo,history,couple,2,0,car,medium,45,0.35,0,0,photo_friendly|quiet|scenic,0.3,0.4,0.45,0.75,0.75,1.0,0.8,4,sunset_finish,,,A
SCN_0188,full_day,sunny,0,normal,14,healing,history,family_small,2,1,car,medium,45,0.15,0,0,quiet,0.3,0.5,0.0,0.6,0.65,0.6,0.2,4,short_walk,,,A
SCN_0189,full_day,cloudy,20,good,8,photo,history,solo,1,0,public,medium,45,0.25,0,0,photo_friendly|quiet|scenic,0.3,0.4,0.0,0.75,0.55,1.0,0.8,4,sunset_finish,,,A
SCN_0190,half_day,rainy,80,bad,12,indoor,photo_spot,solo,1,0,car,medium,55,0.25,0,0,indoor_comfort|photo_friendly|scenic,0.75,0.35,0.75,0.5,0.7,1.0,0.4,3,indoor_visit,,,A
SCN_0191,2h,sunny,5,good,15,family,festival,family_medium,2,2,car,medium,70,0.4,1,1,family_friendly|festival_event|interactive|kids_friendly,0.4,0.65,0.0,0.3,0.15,0.5,0.2,2,go_home,,,A
SCN_0192,full_day,sunny,20,normal,10,healing,photo_spot,solo,1,0,car,medium,45,0.25,0,0,photo_friendly|scenic,0.3,0.4,0.0,0.8,0.75,1.0,0.4,4,short_walk,,,A
SCN_0193,full_day,rainy,95,bad,14,experience,photo_spot,friends,3,0,public,medium,40,0.05,0,0,interactive|photo_friendly|scenic,0.3,0.4,0.75,0.5,0.55,1.0,0.4,4,indoor_backup,,,A
SCN_0194,full_day,sunny,10,normal,13,photo,cafe_area,solo,1,0,public,low,35,0.7,0,0,indoor_comfort|photo_friendly|scenic,0.65,0.2,0.0,0.75,0.55,1.0,0.8,4,sunset_finish,,,A
SCN_0195,full_day,cloudy,50,normal,16,healing,festival,family_large,2,3,car,medium,90,0.4,1,1,family_friendly|festival_event|interactive|kids_friendly,0.4,0.7,0.0,0.6,0.4,0.5,0.2,4,go_home,,,A
SCN_0196,2h,sunny,15,bad,10,indoor,indoor_culture,couple,2,0,car,low,65,0.95,0,0,indoor_comfort|quiet,0.3,0.25,0.3,0.3,0.5,1.0,0.2,2,indoor_visit,,,A
SCN_0197,half_day,sunny,10,bad,14,photo,festival,family_large,2,3,car,medium,95,0.2,1,1,family_friendly|festival_event|interactive|kids_friendly|photo_friendly|scenic,0.4,0.65,0.4,0.75,0.35,0.5,0.8,3,sunset_finish,,,A
SCN_0198,half_day,sunny,10,normal,16,photo,photo_spot,couple,2,0,car,medium,55,0.05,0,0,photo_friendly|scenic,0.3,0.35,0.0,0.75,0.7,1.0,0.9,3,sunset_finish,,,A
SCN_0199,full_day,cloudy,60,good,14,indoor,festival,solo,1,0,public,medium,65,0.3,1,1,family_friendly|festival_event|indoor_comfort|interactive|kids_friendly,0.4,0.5,0.45,0.3,0.55,1.0,0.2,4,indoor_visit,,,A
SCN_0200,half_day,sunny,10,good,16,healing,photo_spot,family_small,2,1,public,medium,40,0.25,0,0,photo_friendly|scenic,0.3,0.45,0.0,0.8,0.4,0.6,0.4,3,sunset_finish,,,A
SCN_0201,2h,cloudy,60,bad,10,experience,cafe_area,solo,1,0,car,low,50,0.8,0,0,indoor_comfort|interactive|scenic,0.2,0.15,0.75,0.5,0.5,1.0,0.3,2,indoor_backup,,,A
SCN_0202,full_day,cloudy,20,normal,15,healing,history,solo,1,0,car,high,70,0.15,0,0,quiet,0.5,0.65,0.1,0.6,0.6,1.0,0.2,4,cafe_rest,,,A
SCN_0203,2h,cloudy,60,normal,14,family,photo_spot,family_large,2,3,car,medium,65,0.25,0,0,family_friendly|kids_friendly|photo_friendly|scenic,0.4,0.65,0.45,0.5,0.15,0.5,0.4,2,go_home,,,A
SCN_0204,full_day,sunny,0,normal,14,photo,festival,family_large,2,3,car,medium,95,0.3,1,1,family_friendly|festival_event|interactive|kids_friendly|photo_friendly|scenic,0.4,0.7,0.0,0.75,0.4,0.5,0.8,4,sunset_finish,,,A
SCN_0205,half_day,cloudy,30,good,15,experience,photo_spot,solo,1,0,car,medium,65,0.05,0,0,interactive|photo_friendly|scenic,0.4,0.45,0.0,0.5,0.7,1.0,0.4,3,cafe_rest,,,A
SCN_0206,2h,rainy,80,good,10,photo,indoor_culture,friends,3,0,car,low,65,0.95,0,0,indoor_comfort|photo_friendly|quiet|scenic,0.3,0.25,0.45,0.75,0.5,1.0,0.8,2,sunset_finish,,,A
SCN_0207,full_day,cloudy,20,normal,16,experience,cafe_area,couple,2,0,public,low,40,0.8,0,0,indoor_comfort|interactive|scenic,0.2,0.2,0.0,0.5,0.55,1.0,0.3,4,sunset_finish,,,A
SCN_0208,2h,cloudy,40,normal,10,family,nature,family_large,2,3,car,medium,55,0.0,0,0,family_friendly|healing|kids_friendly|quiet|scenic,0.3,0.55,0.1,0.7,0.3,0.6,0.3,2,go_home,,,A
SCN_0209,full_day,sunny,0,bad,14,family,cafe_area,solo,1,0,car,low,35,0.6,0,0,family_friendly|indoor_comfort|scenic,0.2,0.2,0.3,0.5,0.75,1.0,0.3,4,indoor_visit,,,A
SCN_0210,full_day,cloudy,20,normal,15,healing,cafe_area,family_medium,2,2,car,low,65,0.6,0,0,indoor_comfort|scenic,0.3,0.5,0.0,0.8,0.55,0.6,0.3,4,cafe_rest,,,A
SCN_0211,half_day,rainy,80,normal,9,healing,cafe_area,friends,3,0,public,low,60,0.7,0,0,indoor_comfort|scenic,0.3,0.25,0.45,0.8,0.5,1.0,0.3,3,indoor_visit,,,A
SCN_0212,full_day,cloudy,50,good,10,family,cafe_area,friends,3,0,public,low,65,0.7,0,0,family_friendly|indoor_comfort|scenic,0.3,0.3,0.0,0.5,0.55,1.0,0.3,4,short_walk,,,A
SCN_0213,full_day,sunny,10,normal,16,indoor,cafe_area,family_large,2,3,car,low,60,0.6,0,0,indoor_comfort|scenic,0.3,0.5,0.0,0.5,0.55,0.6,0.3,4,sunset_finish,,,A
SCN_0214,full_day,rainy,80,normal,9,experience,history,friends,3,0,car,medium,70,0.35,0,0,interactive|quiet,0.4,0.5,0.45,0.3,0.75,1.0,0.2,4,indoor_backup,,,A
SCN_0215,full_day,rainy,95,good,15,indoor,history,family_small,2,1,car,medium,75,0.35,0,0,indoor_comfort|quiet,0.4,0.6,0.45,0.3,0.5,0.5,0.2,4,indoor_backup,,,A
SCN_0216,half_day,rainy,95,bad,15,photo,history,family_medium,2,2,car,high,50,0.15,0,0,photo_friendly|quiet|scenic,0.4,0.7,0.85,0.75,0.35,0.5,0.8,3,cafe_rest,,,A
SCN_0217,full_day,cloudy,20,good,15,indoor,photo_spot,friends,3,0,car,medium,70,0.05,0,0,indoor_comfort|photo_friendly|scenic,0.4,0.5,0.0,0.5,0.75,1.0,0.4,4,short_walk,,,A
SCN_0218,2h,rainy,80,normal,14,family,photo_spot,friends,3,0,car,medium,40,0.15,0,0,family_friendly|photo_friendly|scenic,0.3,0.35,0.45,0.5,0.5,1.0,0.4,2,indoor_backup,,,A
SCN_0219,half_day,cloudy,50,normal,14,indoor,photo_spot,solo,1,0,car,medium,70,0.15,0,0,indoor_comfort|photo_friendly|scenic,0.4,0.45,0.0,0.5,0.7,1.0,0.4,3,short_walk,,,A
SCN_0220,full_day,sunny,10,good,10,healing,photo_spot,family_small,2,1,car,medium,45,0.05,0,0,photo_friendly|scenic,0.3,0.5,0.0,0.8,0.65,0.6,0.4,4,short_walk,,,A
SCN_0221,full_day,rainy,90,normal,9,family,history,family_large,2,3,car,medium,45,0.15,0,0,family_friendly|kids_friendly|quiet,0.3,0.6,0.55,0.3,0.4,0.6,0.2,4,indoor_backup,,,A
SCN_0222,half_day,rainy,90,bad,15,experience,cafe_area,couple,2,0,car,low,40,0.6,0,0,indoor_comfort|interactive|scenic,0.2,0.15,0.75,0.5,0.7,1.0,0.3,3,indoor_visit,,,A
SCN_0223,full_day,sunny,15,good,15,photo,photo_spot,family_small,2,1,car,high,70,0.25,0,0,photo_friendly|scenic,0.5,0.75,0.0,0.75,0.5,0.4,0.9,4,sunset_finish,,,A
SCN_0224,2h,sunny,15,good,10,healing,nature,friends,3,0,car,medium,85,0.0,0,0,healing|quiet|scenic,0.4,0.45,0.0,1.0,0.5,1.0,0.3,2,cafe_rest,,,A
SCN_0225,half_day,sunny,10,bad,15,healing,history,family_large,2,3,car,medium,45,0.35,0,0,quiet,0.3,0.55,0.3,0.6,0.5,0.6,0.2,3,cafe_rest,,,A
SCN_0226,full_day,sunny,0,normal,14,healing,nature,solo,1,0,car,medium,85,0.0,0,0,healing|quiet|scenic,0.4,0.5,0.0,1.0,0.75,1.0,0.3,4,short_walk,,,A
SCN_0227,2h,cloudy,60,normal,17,photo,festival,family_small,2,1,car,medium,90,0.3,1,1,family_friendly|festival_event|interactive|kids_friendly|photo_friendly|scenic,0.8,0.55,0.45,0.75,0.4,0.5,0.8,2,sunset_finish,,,A
SCN_0228,half_day,rainy,95,good,14,indoor,cafe_area,family_medium,2,2,public,low,40,0.6,0,0,indoor_comfort|scenic,0.2,0.35,0.45,0.5,0.3,0.7,0.3,3,indoor_visit,,,A
SCN_0229,2h,sunny,5,bad,14,photo,history,friends,3,0,car,high,75,0.25,0,0,photo_friendly|quiet|scenic,0.5,0.6,0.3,0.75,0.35,1.0,0.8,2,sunset_finish,,,A
SCN_0230,half_day,rainy,70,good,9,experience,nature,solo,1,0,public,high,80,0.0,0,0,healing|interactive|quiet|scenic,0.5,0.6,0.55,0.7,0.35,1.0,0.3,3,cafe_rest,,,A
SCN_0231,2h,sunny,20,normal,16,experience,history,family_medium,2,2,car,medium,75,0.25,0,0,interactive|quiet,0.4,0.65,0.0,0.3,0.15,0.5,0.2,2,go_home,,,A
SCN_0232,full_day,sunny,15,good,10,family,nature,couple,2,0,public,medium,70,0.2,0,0,family_friendly|healing|quiet|scenic,0.4,0.5,0.0,0.7,0.55,1.0,0.3,4,short_walk,,,A
SCN_0233,half_day,rainy,90,good,14,photo,history,solo,1,0,car,medium,70,0.25,0,0,photo_friendly|quiet|scenic,0.4,0.45,0.45,0.75,0.7,1.0,0.8,3,sunset_finish,,,A
SCN_0234,half_day,rainy,95,normal,14,indoor,nature,family_small,2,1,car,high,80,0.1,0,0,healing|indoor_comfort|quiet|scenic,0.5,0.7,0.55,0.7,0.45,0.4,0.3,3,indoor_backup,,,A
SCN_0235,2h,cloudy,60,good,14,family,nature,family_large,2,3,public,medium,85,0.1,0,0,family_friendly|healing|kids_friendly|quiet|scenic,0.4,0.65,0.55,0.7,0.0,0.5,0.3,2,cafe_rest,,,A
SCN_0236,half_day,rainy,60,good,14,family,nature,family_small,2,1,car,medium,55,0.0,0,0,family_friendly|healing|kids_friendly|quiet|scenic,0.3,0.45,0.45,0.7,0.6,0.6,0.3,3,cafe_rest,,,A
SCN_0237,half_day,rainy,70,good,9,family,indoor_culture,family_large,2,3,public,low,80,0.85,0,0,family_friendly|indoor_comfort|kids_friendly|quiet,0.3,0.45,0.45,0.3,0.3,0.6,0.2,3,indoor_backup,,,A
SCN_0238,2h,cloudy,40,normal,15,experience,nature,solo,1,0,car,medium,70,0.2,0,0,healing|interactive|quiet|scenic,0.4,0.45,0.0,0.7,0.5,1.0,0.3,2,cafe_rest,,,A
SCN_0239,half_day,cloudy,20,good,10,photo,festival,solo,1,0,car,medium,80,0.4,1,1,family_friendly|festival_event|interactive|kids_friendly|photo_friendly|scenic,0.4,0.45,0.0,0.75,0.7,1.0,0.8,3,sunset_finish,,,A
SCN_0240,2h,cloudy,50,good,15,photo,festival,solo,1,0,car,medium,95,0.3,1,1,family_friendly|festival_event|interactive|kids_friendly|photo_friendly|scenic,0.4,0.45,0.0,0.75,0.5,1.0,0.8,2,sunset_finish,,,A
SCN_0241,half_day,cloudy,40,good,16,photo,cafe_area,solo,1,0,public,low,60,0.6,0,0,indoor_comfort|photo_friendly|scenic,0.3,0.25,0.0,0.75,0.5,1.0,0.8,3,sunset_finish,,,A
SCN_0242,2h,rainy,60,normal,10,healing,cafe_area,couple,2,0,car,low,60,0.6,0,0,indoor_comfort|scenic,0.3,0.25,0.45,0.8,0.5,1.0,0.3,2,indoor_visit,,,A
SCN_0243,full_day,sunny,20,good,15,indoor,indoor_culture,friends,3,0,car,low,65,0.95,0,0,indoor_comfort|quiet,0.3,0.3,0.0,0.3,0.75,1.0,0.2,4,short_walk,,,A
SCN_0244,full_day,rainy,80,bad,10,photo,history,couple,2,0,car,medium,60,0.35,0,0,photo_friendly|quiet|scenic,0.4,0.5,0.75,0.75,0.75,1.0,0.8,4,sunset_finish,,,A
SCN_0245,full_day,sunny,5,bad,15,experience,photo_spot,friends,3,0,car,medium,55,0.15,0,0,interactive|photo_friendly|scenic,0.3,0.4,0.3,0.5,0.75,1.0,0.4,4,indoor_visit,,,A
SCN_0246,full_day,rainy,70,good,15,photo,photo_spot,family_large,2,3,car,medium,65,0.05,0,0,photo_friendly|scenic,0.4,0.7,0.55,0.75,0.4,0.5,0.9,4,sunset_finish,,,A
SCN_0247,full_day,sunny,10,bad,16,family,history,friends,3,0,car,medium,75,0.15,0,0,family_friendly|quiet,0.4,0.5,0.3,0.3,0.75,1.0,0.2,4,cafe_rest,,,A
SCN_0248,full_day,sunny,20,normal,9,experience,cafe_area,friends,3,0,car,low,35,0.6,0,0,indoor_comfort|interactive|scenic,0.2,0.2,0.0,0.5,0.75,1.0,0.3,4,short_walk,,,A
SCN_0249,2h,cloudy,50,bad,16,photo,history,family_small,2,1,car,medium,70,0.15,0,0,photo_friendly|quiet|scenic,0.4,0.55,0.4,0.75,0.4,0.5,0.8,2,sunset_finish,,,A
SCN_0250,2h,cloudy,50,bad,14,healing,nature,solo,1,0,public,medium,70,0.0,0,0,healing|quiet|scenic,0.4,0.45,0.3,1.0,0.3,1.0,0.3,2,cafe_rest,,,A
SCN_0251,full_day,sunny,15,good,15,family,festival,family_large,2,3,car,medium,80,0.4,1,1,family_friendly|festival_event|interactive|kids_friendly,0.4,0.7,0.0,0.3,0.4,0.5,0.2,4,go_home,,,A
SCN_0252,half_day,rainy,95,normal,9,experience,nature,family_small,2,1,car,medium,60,0.2,0,0,healing|interactive|quiet|scenic,0.4,0.55,0.55,0.7,0.6,0.5,0.3,3,cafe_rest,,,A
SCN_0253,full_day,cloudy,60,normal,9,family,cafe_area,family_large,2,3,car,low,50,0.6,0,0,family_friendly|indoor_comfort|kids_friendly|scenic,0.2,0.4,0.45,0.5,0.55,0.7,0.3,4,cafe_rest,,,A
SCN_0254,half_day,sunny,5,good,15,family,festival,family_medium,2,2,car,medium,95,0.3,1,1,family_friendly|festival_event|interactive|kids_friendly,0.4,0.65,0.0,0.3,0.35,0.5,0.2,3,go_home,,,A
SCN_0255,full_day,rainy,60,bad,9,photo,nature,couple,2,0,public,medium,70,0.0,0,0,healing|photo_friendly|quiet|scenic,0.4,0.5,0.75,0.95,0.55,1.0,0.8,4,sunset_finish,,,A
SCN_0256,full_day,rainy,90,good,9,experience,nature,couple,2,0,car,high,70,0.2,0,0,healing|interactive|quiet|scenic,0.5,0.65,0.55,0.7,0.6,1.0,0.3,4,cafe_rest,,,A
SCN_0257,half_day,rainy,70,bad,14,healing,cafe_area,family_small,2,1,car,low,60,0.8,0,0,indoor_comfort|scenic,0.3,0.35,0.75,0.8,0.6,0.6,0.3,3,indoor_backup,,,A
SCN_0258,half_day,rainy,95,normal,9,healing,history,couple,2,0,car,medium,50,0.15,0,0,quiet,0.3,0.35,0.45,0.6,0.7,1.0,0.2,3,indoor_visit,,,A
SCN_0259,full_day,sunny,20,normal,15,photo,indoor_culture,solo,1,0,car,low,65,0.85,0,0,indoor_comfort|photo_friendly|quiet|scenic,0.3,0.3,0.0,0.75,0.75,1.0,0.8,4,sunset_finish,,,A
SCN_0260,half_day,cloudy,30,normal,9,healing,festival,family_small,2,1,car,medium,70,0.4,1,1,family_friendly|festival_event|interactive|kids_friendly,0.4,0.55,0.0,0.6,0.6,0.5,0.2,3,cafe_rest,,,A
SCN_0261,half_day,rainy,95,normal,9,family,photo_spot,family_large,2,3,car,high,65,0.25,0,0,family_friendly|kids_friendly|photo_friendly|scenic,0.5,0.8,0.45,0.5,0.35,0.4,0.4,3,go_home,,,A
SCN_0262,half_day,sunny,20,normal,16,photo,indoor_culture,friends,3,0,car,low,55,0.85,0,0,indoor_comfort|photo_friendly|quiet|scenic,0.2,0.15,0.0,0.75,0.7,1.0,0.8,3,sunset_finish,,,A
SCN_0263,half_day,rainy,95,normal,10,indoor,festival,solo,1,0,car,medium,95,0.2,1,1,family_friendly|festival_event|indoor_comfort|interactive|kids_friendly,0.4,0.45,0.45,0.3,0.7,1.0,0.2,3,indoor_visit,,,A
SCN_0264,full_day,cloudy,20,normal,14,indoor,nature,family_medium,2,2,public,high,70,0.0,0,0,healing|indoor_comfort|quiet|scenic,0.5,0.85,0.1,0.7,0.2,0.4,0.3,4,go_home,,,A
SCN_0265,full_day,sunny,15,normal,9,family,photo_spot,family_medium,2,2,car,high,55,0.15,0,0,family_friendly|kids_friendly|photo_friendly|scenic,0.4,0.75,0.1,0.5,0.4,0.5,0.4,4,go_home,,,A
SCN_0266,2h,rainy,60,normal,16,indoor,nature,friends,3,0,car,medium,80,0.1,0,0,healing|indoor_comfort|quiet|scenic,0.4,0.45,0.45,0.7,0.5,1.0,0.3,2,indoor_visit,,,A
SCN_0267,full_day,cloudy,40,bad,8,healing,nature,couple,2,0,public,medium,60,0.1,0,0,healing|quiet|scenic,0.4,0.5,0.3,1.0,0.55,1.0,0.3,4,cafe_rest,,,A
SCN_0268,half_day,sunny,20,good,16,family,nature,family_small,2,1,car,medium,70,0.0,0,0,family_friendly|healing|kids_friendly|quiet|scenic,0.4,0.55,0.1,0.7,0.6,0.5,0.3,3,cafe_rest,,,A
SCN_0269,2h,rainy,95,normal,16,healing,cafe_area,family_small,2,1,public,low,50,0.6,0,0,indoor_comfort|scenic,0.2,0.25,0.45,0.8,0.2,0.7,0.3,2,sunset_finish,,,A
SCN_0270,half_day,rainy,80,bad,9,photo,festival,friends,3,0,car,medium,65,0.4,1,1,family_friendly|festival_event|interactive|kids_friendly|photo_friendly|scenic,0.4,0.45,0.75,0.75,0.7,1.0,0.8,3,sunset_finish,,,A
SCN_0271,2h,cloudy,40,bad,15,photo,cafe_area,friends,3,0,car,low,40,0.6,0,0,indoor_comfort|photo_friendly|scenic,0.2,0.15,0.3,0.75,0.5,1.0,0.8,2,sunset_finish,,,A
SCN_0272,full_day,rainy,95,normal,16,photo,indoor_culture,solo,1,0,public,low,75,0.95,0,0,indoor_comfort|photo_friendly|quiet|scenic,0.3,0.3,0.45,0.75,0.55,1.0,0.8,4,sunset_finish,,,A
SCN_0273,2h,cloudy,60,normal,14,indoor,festival,solo,1,0,public,medium,70,0.3,1,1,family_friendly|festival_event|indoor_comfort|interactive|kids_friendly,0.4,0.45,0.45,0.3,0.3,1.0,0.2,2,indoor_visit,,,A
SCN_0274,half_day,rainy,90,bad,9,photo,cafe_area,family_large,2,3,car,low,65,0.6,0,0,indoor_comfort|photo_friendly|scenic,0.3,0.45,0.75,0.75,0.5,0.6,0.8,3,sunset_finish,,,A
SCN_0275,2h,rainy,60,normal,10,photo,festival,friends,3,0,car,medium,95,0.4,1,1,family_friendly|festival_event|interactive|kids_friendly|photo_friendly|scenic,0.4,0.45,0.45,0.75,0.5,1.0,0.8,2,sunset_finish,,,A
SCN_0276,half_day,sunny,20,normal,16,healing,festival,friends,3,0,car,medium,65,0.4,1,1,family_friendly|festival_event|interactive|kids_friendly,0.4,0.45,0.0,0.6,0.7,1.0,0.2,3,sunset_finish,,,A
SCN_0277,full_day,rainy,60,normal,12,photo,indoor_culture,friends,3,0,public,low,80,1.0,0,0,indoor_comfort|photo_friendly|quiet|scenic,0.75,0.3,0.45,0.75,0.55,1.0,0.8,4,sunset_finish,,,A
SCN_0278,full_day,cloudy,60,normal,14,experience,festival,family_large,2,3,car,medium,70,0.4,1,1,family_friendly|festival_event|interactive|kids_friendly,0.4,0.7,0.45,0.3,0.4,0.5,0.2,4,go_home,,,A
SCN_0279,half_day,cloudy,40,bad,14,healing,photo_spot,friends,3,0,public,medium,70,0.05,0,0,photo_friendly|scenic,0.4,0.45,0.3,0.8,0.5,1.0,0.4,3,cafe_rest,,,A
SCN_0280,half_day,sunny,5,bad,16,healing,history,solo,1,0,car,medium,50,0.35,0,0,quiet,0.3,0.35,0.3,0.6,0.7,1.0,0.2,3,sunset_finish,,,A
SCN_0281,full_day,rainy,70,normal,8,indoor,indoor_culture,couple,2,0,public,low,65,0.95,0,0,indoor_comfort|quiet,0.3,0.3,0.45,0.3,0.55,1.0,0.2,4,indoor_visit,,,A
SCN_0282,full_day,cloudy,20,good,15,indoor,cafe_area,family_large,2,3,car,low,50,0.8,0,0,indoor_comfort|scenic,0.2,0.4,0.0,0.5,0.55,0.7,0.3,4,short_walk,,,A
SCN_0283,full_day,rainy,90,normal,8,indoor,nature,family_small,2,1,car,medium,85,0.2,0,0,healing|indoor_comfort|quiet|scenic,0.4,0.6,0.55,0.7,0.5,0.5,0.3,4,indoor_visit,,,A
SCN_0284,half_day,sunny,15,good,10,family,nature,friends,3,0,public,high,55,0.1,0,0,family_friendly|healing|quiet|scenic,0.4,0.5,0.1,0.7,0.5,1.0,0.3,3,cafe_rest,,,A
SCN_0285,half_day,sunny,5,bad,9,indoor,cafe_area,family_medium,2,2,car,low,35,0.7,0,0,indoor_comfort|scenic,0.2,0.35,0.3,0.5,0.5,0.7,0.3,3,indoor_visit,,,A
SCN_0286,2h,cloudy,20,good,14,photo,cafe_area,family_small,2,1,car,low,35,0.7,0,0,indoor_comfort|photo_friendly|scenic,0.2,0.25,0.0,0.75,0.4,0.7,0.8,2,sunset_finish,,,A
SCN_0287,half_day,sunny,10,good,10,photo,history,family_small,2,1,car,medium,50,0.25,0,0,photo_friendly|quiet|scenic,0.3,0.45,0.0,0.75,0.6,0.6,0.8,3,sunset_finish,,,A
SCN_0288,half_day,rainy,95,normal,14,experience,history,friends,3,0,car,medium,75,0.35,0,0,interactive|quiet,0.4,0.45,0.45,0.3,0.7,1.0,0.2,3,indoor_backup,,,A
SCN_0289,half_day,rainy,90,good,14,indoor,history,solo,1,0,car,medium,50,0.35,0,0,indoor_comfort|quiet,0.3,0.35,0.45,0.3,0.7,1.0,0.2,3,indoor_visit,,,A
SCN_0290,half_day,sunny,5,normal,15,family,nature,family_large,2,3,car,high,55,0.2,0,0,family_friendly|healing|kids_friendly|quiet|scenic,0.4,0.7,0.1,0.7,0.35,0.5,0.3,3,cafe_rest,,,A
SCN_0291,full_day,rainy,60,good,15,experience,indoor_culture,solo,1,0,car,low,50,1.0,0,0,indoor_comfort|interactive|quiet,0.2,0.2,0.45,0.3,0.75,1.0,0.2,4,indoor_visit,,,A
SCN_0292,half_day,rainy,70,normal,13,indoor,cafe_area,couple,2,0,car,low,50,0.7,0,0,indoor_comfort|scenic,0.65,0.15,0.45,0.5,0.7,1.0,0.3,3,indoor_visit,,,A
SCN_0293,full_day,cloudy,30,bad,15,family,festival,family_medium,2,2,car,medium,80,0.3,1,1,family_friendly|festival_event|interactive|kids_friendly,0.4,0.7,0.3,0.3,0.4,0.5,0.2,4,go_home,,,A
SCN_0294,half_day,rainy,90,normal,15,healing,photo_spot,family_medium,2,2,car,medium,65,0.15,0,0,photo_friendly|scenic,0.4,0.65,0.55,0.8,0.35,0.5,0.4,3,cafe_rest,,,A
SCN_0295,full_day,sunny,15,good,8,healing,festival,family_medium,2,2,car,medium,90,0.3,1,1,family_friendly|festival_event|interactive|kids_friendly,0.4,0.7,0.0,0.6,0.4,0.5,0.2,4,go_home,,,A
SCN_0296,full_day,cloudy,20,normal,14,healing,photo_spot,couple,2,0,car,medium,45,0.15,0,0,photo_friendly|scenic,0.3,0.4,0.0,0.8,0.75,1.0,0.4,4,short_walk,,,A
SCN_0297,full_day,cloudy,30,normal,8,healing,festival,couple,2,0,car,medium,95,0.2,1,1,family_friendly|festival_event|interactive|kids_friendly,0.4,0.5,0.0,0.6,0.75,1.0,0.2,4,short_walk,,,A
SCN_0298,2h,cloudy,40,bad,16,indoor,indoor_culture,family_medium,2,2,car,low,80,1.0,0,0,indoor_comfort|quiet,0.3,0.45,0.3,0.3,0.3,0.6,0.2,2,indoor_visit,,,A
SCN_0299,full_day,sunny,5,normal,16,family,festival,family_large,2,3,car,medium,65,0.2,1,1,family_friendly|festival_event|interactive|kids_friendly,0.4,0.7,0.1,0.3,0.4,0.5,0.2,4,go_home,,,A
SCN_0300,full_day,rainy,70,bad,16,indoor,nature,family_small,2,1,car,medium,85,0.2,0,0,healing|indoor_comfort|quiet|scenic,0.4,0.6,0.85,0.7,0.5,0.5,0.3,4,indoor_backup,,,A
SCN_0301,full_day,sunny,20,normal,8,family,cafe_area,couple,2,0,car,low,40,0.8,0,0,family_friendly|indoor_comfort|scenic,0.2,0.2,0.0,0.5,0.75,1.0,0.3,4,short_walk,,,A
SCN_0302,2h,rainy,70,good,16,indoor,cafe_area,solo,1,0,public,low,35,0.6,0,0,indoor_comfort|scenic,0.2,0.15,0.45,0.5,0.3,1.0,0.3,2,indoor_visit,,,A
SCN_0303,full_day,cloudy,60,bad,16,family,indoor_culture,family_small,2,1,car,low,55,1.0,0,0,family_friendly|indoor_comfort|kids_friendly|quiet,0.2,0.3,0.75,0.3,0.65,0.7,0.2,4,indoor_backup,,,A
SCN_0304,full_day,rainy,70,bad,8,experience,history,family_small,2,1,car,medium,75,0.35,0,0,interactive|quiet,0.4,0.6,0.75,0.3,0.5,0.5,0.2,4,indoor_backup,,,A
SCN_0305,full_day,rainy,80,normal,15,experience,history,solo,1,0,car,medium,60,0.35,0,0,interactive|quiet,0.4,0.5,0.45,0.3,0.75,1.0,0.2,4,indoor_backup,,,A
SCN_0306,half_day,rainy,80,good,10,indoor,history,family_large,2,3,car,medium,75,0.25,0,0,indoor_comfort|quiet,0.4,0.65,0.45,0.3,0.35,0.5,0.2,3,indoor_backup,,,A
SCN_0307,full_day,cloudy,40,normal,10,healing,history,family_small,2,1,car,medium,70,0.35,0,0,quiet,0.4,0.6,0.0,0.6,0.5,0.5,0.2,4,cafe_rest,,,A
SCN_0308,full_day,rainy,90,normal,10,family,festival,friends,3,0,car,medium,80,0.3,1,1,family_friendly|festival_event|interactive|kids_friendly,0.4,0.5,0.45,0.3,0.75,1.0,0.2,4,indoor_backup,,,A
SCN_0309,half_day,cloudy,40,good,10,healing,festival,family_medium,2,2,car,medium,80,0.4,1,1,family_friendly|festival_event|interactive|kids_friendly,0.4,0.65,0.0,0.6,0.35,0.5,0.2,3,go_home,,,A
SCN_0310,full_day,rainy,70,good,15,healing,indoor_culture,friends,3,0,car,low,65,1.0,0,0,indoor_comfort|quiet,0.3,0.3,0.45,0.6,0.75,1.0,0.2,4,indoor_visit,,,A
SCN_0311,half_day,cloudy,60,bad,14,healing,nature,couple,2,0,car,medium,60,0.2,0,0,healing|quiet|scenic,0.4,0.45,0.75,1.0,0.7,1.0,0.3,3,indoor_visit,,,A
SCN_0312,half_day,rainy,90,bad,10,experience,festival,family_medium,2,2,car,medium,90,0.3,1,1,family_friendly|festival_event|interactive|kids_friendly,0.4,0.65,0.75,0.3,0.35,0.5,0.2,3,indoor_backup,,,A
SCN_0313,half_day,cloudy,40,normal,10,healing,nature,solo,1,0,car,high,60,0.0,0,0,healing|quiet|scenic,0.5,0.6,0.1,1.0,0.55,1.0,0.3,3,cafe_rest,,,A
SCN_0314,full_day,rainy,90,normal,8,indoor,nature,friends,3,0,car,medium,85,0.2,0,0,healing|indoor_comfort|quiet|scenic,0.4,0.5,0.45,0.7,0.75,1.0,0.3,4,indoor_visit,,,A
SCN_0315,half_day,rainy,95,bad,10,experience,history,friends,3,0,car,high,60,0.25,0,0,interactive|quiet,0.5,0.6,0.75,0.3,0.55,1.0,0.2,3,indoor_backup,,,A
SCN_0316,full_day,sunny,20,good,9,family,indoor_culture,solo,1,0,car,low,80,0.95,0,0,family_friendly|indoor_comfort|quiet,0.3,0.3,0.0,0.3,0.75,1.0,0.2,4,short_walk,,,A
SCN_0317,half_day,cloudy,20,normal,15,indoor,nature,family_medium,2,2,car,medium,60,0.1,0,0,healing|indoor_comfort|quiet|scenic,0.4,0.65,0.1,0.7,0.35,0.5,0.3,3,cafe_rest,,,A
SCN_0318,full_day,sunny,15,normal,9,family,cafe_area,family_small,2,1,car,low,60,0.7,0,0,family_friendly|indoor_comfort|kids_friendly|scenic,0.3,0.4,0.0,0.5,0.65,0.6,0.3,4,short_walk,,,A
SCN_0319,full_day,rainy,80,bad,10,indoor,indoor_culture,couple,2,0,car,low,80,0.85,0,0,indoor_comfort|quiet,0.3,0.3,0.75,0.3,0.75,1.0,0.2,4,indoor_visit,,,A
SCN_0320,2h,rainy,70,good,16,indoor,nature,family_medium,2,2,car,medium,55,0.0,0,0,healing|indoor_comfort|quiet|scenic,0.3,0.55,0.55,0.7,0.3,0.6,0.3,2,indoor_visit,,,A
SCN_0321,2h,cloudy,40,bad,15,experience,nature,friends,3,0,public,medium,60,0.2,0,0,healing|interactive|quiet|scenic,0.4,0.45,0.3,0.7,0.3,1.0,0.3,2,cafe_rest,,,A
SCN_0322,half_day,sunny,10,good,10,family,indoor_culture,couple,2,0,car,low,80,1.0,0,0,family_friendly|indoor_comfort|quiet,0.3,0.25,0.0,0.3,0.7,1.0,0.2,3,short_walk,,,A
SCN_0323,full_day,rainy,80,normal,9,healing,indoor_culture,family_large,2,3,public,low,75,0.85,0,0,indoor_comfort|quiet,0.3,0.5,0.45,0.6,0.35,0.6,0.2,4,cafe_rest,,,A
SCN_0324,full_day,sunny,20,bad,8,indoor,cafe_area,solo,1,0,car,low,40,0.6,0,0,indoor_comfort|scenic,0.2,0.2,0.3,0.5,0.75,1.0,0.3,4,indoor_visit,,,A
SCN_0325,half_day,sunny,5,normal,9,indoor,photo_spot,couple,2,0,car,medium,65,0.15,0,0,indoor_comfort|photo_friendly|scenic,0.4,0.45,0.0,0.5,0.7,1.0,0.4,3,short_walk,,,A
SCN_0326,2h,rainy,90,bad,15,indoor,photo_spot,family_large,2,3,car,medium,70,0.15,0,0,indoor_comfort|photo_friendly|scenic,0.4,0.65,0.85,0.5,0.15,0.5,0.4,2,indoor_backup,,,A
SCN_0327,2h,cloudy,20,normal,10,family,cafe_area,family_medium,2,2,car,low,50,0.7,0,0,family_friendly|indoor_comfort|kids_friendly|scenic,0.2,0.35,0.0,0.5,0.3,0.7,0.3,2,cafe_rest,,,A
SCN_0328,half_day,cloudy,20,normal,10,family,nature,family_small,2,1,car,medium,80,0.0,0,0,family_friendly|healing|kids_friendly|quiet|scenic,0.4,0.55,0.1,0.7,0.6,0.5,0.3,3,cafe_rest,,,A
SCN_0329,2h,rainy,80,bad,17,family,indoor_culture,family_small,2,1,public,low,75,0.95,0,0,family_friendly|indoor_comfort|kids_friendly|quiet,0.7,0.35,0.75,0.3,0.2,0.6,0.2,2,indoor_backup,,,A
SCN_0330,half_day,cloudy,20,normal,10,healing,indoor_culture,couple,2,0,car,low,75,0.95,0,0,indoor_comfort|quiet,0.3,0.25,0.0,0.6,0.7,1.0,0.2,3,short_walk,,,A
SCN_0331,full_day,sunny,20,good,10,healing,indoor_culture,family_large,2,3,car,low,55,1.0,0,0,indoor_comfort|quiet,0.2,0.4,0.0,0.6,0.55,0.7,0.2,4,short_walk,,,A
SCN_0332,full_day,rainy,90,good,13,indoor,cafe_area,solo,1,0,car,low,35,0.7,0,0,indoor_comfort|scenic,0.65,0.2,0.45,0.5,0.75,1.0,0.3,4,indoor_visit,,,A
SCN_0333,half_day,sunny,15,normal,14,healing,indoor_culture,family_medium,2,2,car,low,80,0.85,0,0,indoor_comfort|quiet,0.3,0.45,0.0,0.6,0.5,0.6,0.2,3,cafe_rest,,,A
SCN_0334,2h,rainy,90,normal,16,healing,nature,family_large,2,3,car,medium,80,0.2,0,0,healing|quiet|scenic,0.4,0.65,0.55,1.0,0.15,0.5,0.3,2,cafe_rest,,,A
SCN_0335,full_day,rainy,70,normal,15,healing,photo_spot,friends,3,0,car,high,55,0.25,0,0,photo_friendly|scenic,0.4,0.55,0.45,0.8,0.75,1.0,0.4,4,cafe_rest,,,A
SCN_0336,full_day,cloudy,60,normal,14,family,cafe_area,family_medium,2,2,car,low,65,0.6,0,0,family_friendly|indoor_comfort|kids_friendly|scenic,0.3,0.5,0.45,0.5,0.55,0.6,0.3,4,cafe_rest,,,A
SCN_0337,2h,rainy,80,good,16,indoor,photo_spot,friends,3,0,public,medium,70,0.25,0,0,indoor_comfort|photo_friendly|scenic,0.4,0.45,0.45,0.5,0.3,1.0,0.4,2,indoor_visit,,,A
SCN_0338,full_day,cloudy,30,bad,8,healing,history,family_small,2,1,car,medium,70,0.15,0,0,quiet,0.4,0.6,0.4,0.6,0.5,0.5,0.2,4,cafe_rest,,,A
SCN_0339,half_day,rainy,60,good,10,experience,cafe_area,family_small,2,1,car,low,50,0.8,0,0,indoor_comfort|interactive|scenic,0.2,0.25,0.45,0.5,0.6,0.7,0.3,3,indoor_visit,,,A
SCN_0340,half_day,sunny,15,bad,10,family,photo_spot,family_small,2,1,car,medium,55,0.05,0,0,family_friendly|kids_friendly|photo_friendly|scenic,0.3,0.45,0.3,0.5,0.6,0.6,0.4,3,cafe_rest,,,A
SCN_0341,full_day,cloudy,50,normal,10,indoor,cafe_area,family_large,2,3,car,low,60,0.6,0,0,indoor_comfort|scenic,0.3,0.5,0.0,0.5,0.55,0.6,0.3,4,short_walk,,,A
SCN_0342,2h,rainy,70,good,14,indoor,photo_spot,couple,2,0,car,medium,70,0.15,0,0,indoor_comfort|photo_friendly|scenic,0.4,0.45,0.45,0.5,0.5,1.0,0.4,2,indoor_visit,,,A
SCN_0343,full_day,rainy,60,normal,9,experience,festival,couple,2,0,car,medium,80,0.3,1,1,family_friendly|festival_event|interactive|kids_friendly,0.4,0.5,0.45,0.3,0.75,1.0,0.2,4,indoor_visit,,,A
SCN_0344,half_day,rainy,95,bad,16,family,nature,family_small,2,1,car,medium,60,0.0,0,0,family_friendly|healing|kids_friendly|quiet|scenic,0.4,0.55,0.85,0.7,0.6,0.5,0.3,3,indoor_backup,,,A
SCN_0345,half_day,sunny,15,normal,10,healing,photo_spot,family_small,2,1,car,medium,55,0.25,0,0,photo_friendly|scenic,0.3,0.45,0.0,0.8,0.6,0.6,0.4,3,short_walk,,,A
SCN_0346,2h,rainy,90,bad,15,experience,cafe_area,solo,1,0,public,low,35,0.8,0,0,indoor_comfort|interactive|scenic,0.2,0.15,0.75,0.5,0.3,1.0,0.3,2,indoor_backup,,,A
SCN_0347,half_day,cloudy,50,normal,14,healing,indoor_culture,couple,2,0,public,low,80,0.95,0,0,indoor_comfort|quiet,0.3,0.25,0.0,0.6,0.5,1.0,0.2,3,short_walk,,,A
SCN_0348,full_day,rainy,95,good,15,experience,festival,family_large,2,3,car,medium,95,0.2,1,1,family_friendly|festival_event|interactive|kids_friendly,0.4,0.7,0.55,0.3,0.4,0.5,0.2,4,cafe_rest,,,A
SCN_0349,half_day,sunny,15,good,10,healing,nature,family_medium,2,2,car,medium,85,0.0,0,0,healing|quiet|scenic,0.4,0.65,0.1,1.0,0.35,0.5,0.3,3,cafe_rest,,,A
SCN_0350,full_day,cloudy,20,normal,8,experience,photo_spot,couple,2,0,car,medium,55,0.15,0,0,interactive|photo_friendly|scenic,0.3,0.4,0.0,0.5,0.75,1.0,0.4,4,short_walk,,,A
SCN_0351,2h,rainy,70,good,14,experience,cafe_area,friends,3,0,public,low,60,0.8,0,0,indoor_comfort|interactive|scenic,0.3,0.25,0.45,0.5,0.3,1.0,0.3,2,indoor_backup,,,A
SCN_0352,2h,sunny,15,normal,14,healing,photo_spot,solo,1,0,car,medium,65,0.15,0,0,photo_friendly|scenic,0.4,0.45,0.0,0.8,0.5,1.0,0.4,2,cafe_rest,,,A
SCN_0353,half_day,cloudy,40,normal,16,healing,history,family_large,2,3,car,medium,50,0.15,0,0,quiet,0.3,0.55,0.1,0.6,0.5,0.6,0.2,3,cafe_rest,,,A
SCN_0354,half_day,cloudy,60,normal,10,family,photo_spot,family_medium,2,2,car,medium,70,0.25,0,0,family_friendly|kids_friendly|photo_friendly|scenic,0.4,0.65,0.45,0.5,0.35,0.5,0.4,3,go_home,,,A
SCN_0355,2h,sunny,5,normal,14,healing,cafe_area,couple,2,0,car,low,65,0.7,0,0,indoor_comfort|scenic,0.3,0.25,0.0,0.8,0.5,1.0,0.3,2,cafe_rest,,,A
SCN_0356,half_day,cloudy,50,bad,15,healing,history,couple,2,0,public,medium,75,0.35,0,0,quiet,0.4,0.45,0.3,0.6,0.5,1.0,0.2,3,cafe_rest,,,A
SCN_0357,half_day,cloudy,50,good,14,healing,photo_spot,family_medium,2,2,car,medium,55,0.25,0,0,photo_friendly|scenic,0.3,0.55,0.0,0.8,0.5,0.6,0.4,3,go_home,,,A
SCN_0358,half_day,rainy,95,normal,16,indoor,cafe_area,solo,1,0,car,low,65,0.7,0,0,indoor_comfort|scenic,0.3,0.25,0.45,0.5,0.7,1.0,0.3,3,indoor_visit,,,A
SCN_0359,full_day,rainy,95,normal,10,indoor,history,family_large,2,3,car,medium,50,0.35,0,0,indoor_comfort|quiet,0.3,0.6,0.45,0.3,0.4,0.6,0.2,4,indoor_backup,,,A
SCN_0360,2h,cloudy,30,normal,10,healing,cafe_area,family_medium,2,2,car,low,50,0.8,0,0,indoor_comfort|scenic,0.2,0.35,0.0,0.8,0.3,0.7,0.3,2,cafe_rest,,,A
SCN_0361,half_day,cloudy,20,good,10,indoor,nature,family_small,2,1,car,medium,55,0.0,0,0,healing|indoor_comfort|quiet|scenic,0.3,0.45,0.0,0.7,0.6,0.6,0.3,3,cafe_rest,,,A
SCN_0362,half_day,cloudy,60,bad,10,indoor,cafe_area,friends,3,0,car,low,60,0.8,0,0,indoor_comfort|scenic,0.3,0.25,0.75,0.5,0.7,1.0,0.3,3,indoor_visit,,,A
SCN_0363,full_day,rainy,60,normal,9,experience,photo_spot,family_large,2,3,car,medium,70,0.05,0,0,interactive|photo_friendly|scenic,0.4,0.7,0.55,0.5,0.4,0.5,0.4,4,go_home,,,A
SCN_0364,2h,rainy,95,normal,10,indoor,indoor_culture,family_small,2,1,car,low,80,0.85,0,0,indoor_comfort|quiet,0.3,0.35,0.45,0.3,0.4,0.6,0.2,2,indoor_visit,,,A
SCN_0365,full_day,cloudy,50,normal,8,healing,cafe_area,solo,1,0,car,low,40,0.8,0,0,indoor_comfort|scenic,0.2,0.2,0.0,0.8,0.75,1.0,0.3,4,short_walk,,,A
SCN_0366,2h,rainy,90,bad,17,indoor,history,family_large,2,3,car,medium,75,0.15,0,0,indoor_comfort|quiet,0.8,0.65,0.85,0.3,0.15,0.5,0.2,2,indoor_backup,,,A
SCN_0367,full_day,rainy,70,good,14,family,festival,family_medium,2,2,car,medium,90,0.2,1,1,family_friendly|festival_event|interactive|kids_friendly,0.4,0.7,0.55,0.3,0.4,0.5,0.2,4,go_home,,,A
SCN_0368,full_day,cloudy,20,good,9,healing,photo_spot,couple,2,0,car,medium,40,0.15,0,0,photo_friendly|scenic,0.3,0.4,0.0,0.8,0.75,1.0,0.4,4,short_walk,,,A
SCN_0369,2h,sunny,15,bad,15,family,nature,friends,3,0,car,medium,85,0.0,0,0,family_friendly|healing|quiet|scenic,0.4,0.45,0.3,0.7,0.5,1.0,0.3,2,cafe_rest,,,A
SCN_0370,half_day,cloudy,50,good,9,healing,nature,friends,3,0,car,medium,55,0.0,0,0,healing|quiet|scenic,0.3,0.35,0.0,1.0,0.7,1.0,0.3,3,short_walk,,,A
SCN_0371,2h,rainy,70,good,16,family,nature,couple,2,0,car,medium,60,0.0,0,0,family_friendly|healing|quiet|scenic,0.4,0.45,0.45,0.7,0.5,1.0,0.3,2,cafe_rest,,,A
SCN_0372,full_day,cloudy,50,normal,10,healing,indoor_culture,couple,2,0,public,low,80,0.85,0,0,indoor_comfort|quiet,0.3,0.3,0.0,0.6,0.55,1.0,0.2,4,short_walk,,,A
SCN_0373,full_day,cloudy,30,normal,9,family,indoor_culture,friends,3,0,car,low,65,1.0,0,0,family_friendly|indoor_comfort|quiet,0.3,0.3,0.0,0.3,0.75,1.0,0.2,4,short_walk,,,A
SCN_0374,full_day,rainy,60,normal,8,indoor,festival,family_small,2,1,public,medium,95,0.3,1,1,family_friendly|festival_event|indoor_comfort|interactive|kids_friendly,0.4,0.6,0.45,0.3,0.3,0.5,0.2,4,indoor_backup,,,A
SCN_0375,full_day,rainy,95,good,8,family,cafe_area,solo,1,0,public,low,60,0.8,0,0,family_friendly|indoor_comfort|scenic,0.3,0.3,0.45,0.5,0.55,1.0,0.3,4,indoor_backup,,,A
SCN_0376,2h,sunny,5,bad,10,family,cafe_area,solo,1,0,public,low,65,0.6,0,0,family_friendly|indoor_comfort|scenic,0.3,0.25,0.3,0.5,0.3,1.0,0.3,2,indoor_backup,,,A
SCN_0377,2h,rainy,60,normal,16,experience,indoor_culture,solo,1,0,public,low,55,1.0,0,0,indoor_comfort|interactive|quiet,0.2,0.15,0.45,0.3,0.3,1.0,0.2,2,indoor_backup,,,A
SCN_0378,full_day,sunny,5,good,8,healing,photo_spot,family_large,2,3,car,medium,55,0.05,0,0,photo_friendly|scenic,0.3,0.6,0.1,0.8,0.4,0.6,0.4,4,cafe_rest,,,A
SCN_0379,full_day,cloudy,40,bad,14,experience,cafe_area,family_small,2,1,car,low,65,0.6,0,0,indoor_comfort|interactive|scenic,0.3,0.4,0.3,0.5,0.65,0.6,0.3,4,cafe_rest,,,A
SCN_0380,half_day,cloudy,20,good,15,experience,photo_spot,couple,2,0,car,medium,45,0.25,0,0,interactive|photo_friendly|scenic,0.3,0.35,0.0,0.5,0.7,1.0,0.4,3,short_walk,,,A
SCN_0381,full_day,sunny,15,good,15,family,cafe_area,family_medium,2,2,car,low,65,0.6,0,0,family_friendly|indoor_comfort|kids_friendly|scenic,0.3,0.5,0.0,0.5,0.55,0.6,0.3,4,cafe_rest,,,A
SCN_0382,half_day,cloudy,50,normal,10,healing,history,family_medium,2,2,public,medium,50,0.35,0,0,quiet,0.3,0.55,0.0,0.6,0.3,0.6,0.2,3,go_home,,,A
SCN_0383,half_day,rainy,70,bad,9,healing,history,friends,3,0,public,medium,60,0.25,0,0,quiet,0.4,0.45,0.75,0.6,0.5,1.0,0.2,3,indoor_backup,,,A
SCN_0384,half_day,rainy,70,good,15,healing,nature,family_large,2,3,public,high,60,0.1,0,0,healing|quiet|scenic,0.5,0.8,0.55,1.0,0.15,0.4,0.3,3,cafe_rest,,,A
SCN_0385,full_day,rainy,60,normal,10,family,festival,couple,2,0,car,medium,80,0.2,1,1,family_friendly|festival_event|interactive|kids_friendly,0.4,0.5,0.45,0.3,0.75,1.0,0.2,4,indoor_backup,,,A
SCN_0386,2h,sunny,0,normal,14,family,photo_spot,family_large,2,3,car,high,65,0.25,0,0,family_friendly|kids_friendly|photo_friendly|scenic,0.5,0.8,0.0,0.5,0.15,0.4,0.4,2,go_home,,,A
SCN_0387,full_day,rainy,95,bad,8,healing,photo_spot,family_large,2,3,public,medium,65,0.15,0,0,photo_friendly|scenic,0.4,0.7,0.85,0.8,0.2,0.5,0.4,4,indoor_backup,,,A
SCN_0388,2h,cloudy,20,normal,10,healing,photo_spot,solo,1,0,public,medium,45,0.25,0,0,photo_friendly|scenic,0.3,0.35,0.0,0.8,0.3,1.0,0.4,2,cafe_rest,,,A
SCN_0389,full_day,rainy,60,normal,15,healing,history,friends,3,0,public,medium,45,0.15,0,0,quiet,0.3,0.4,0.45,0.6,0.55,1.0,0.2,4,indoor_backup,,,A
SCN_0390,full_day,sunny,10,normal,9,healing,festival,family_medium,2,2,public,medium,90,0.4,1,1,family_friendly|festival_event|interactive|kids_friendly,0.4,0.7,0.0,0.6,0.2,0.5,0.2,4,go_home,,,A
SCN_0391,full_day,rainy,95,bad,15,family,cafe_area,family_small,2,1,car,low,40,0.7,0,0,family_friendly|indoor_comfort|kids_friendly|scenic,0.2,0.3,0.75,0.5,0.65,0.7,0.3,4,indoor_backup,,,A
SCN_0392,half_day,sunny,15,good,15,family,cafe_area,family_medium,2,2,car,low,35,0.6,0,0,family_friendly|indoor_comfort|kids_friendly|scenic,0.2,0.35,0.0,0.5,0.5,0.7,0.3,3,short_walk,,,A
SCN_0393,half_day,sunny,20,good,9,healing,indoor_culture,family_medium,2,2,car,low,80,1.0,0,0,indoor_comfort|quiet,0.3,0.45,0.0,0.6,0.5,0.6,0.2,3,cafe_rest,,,A
SCN_0394,full_day,rainy,60,good,14,indoor,festival,friends,3,0,car,medium,70,0.4,1,1,family_friendly|festival_event|indoor_comfort|interactive|kids_friendly,0.4,0.5,0.45,0.3,0.75,1.0,0.2,4,indoor_visit,,,A
SCN_0395,half_day,sunny,5,good,14,family,festival,family_large,2,3,public,medium,95,0.3,1,1,family_friendly|festival_event|interactive|kids_friendly,0.4,0.65,0.0,0.3,0.15,0.5,0.2,3,go_home,,,A
SCN_0396,half_day,cloudy,20,normal,16,healing,photo_spot,family_large,2,3,car,medium,65,0.05,0,0,photo_friendly|scenic,0.4,0.65,0.1,0.8,0.35,0.5,0.4,3,cafe_rest,,,A
SCN_0397,full_day,rainy,95,good,8,family,photo_spot,couple,2,0,public,medium,40,0.15,0,0,family_friendly|photo_friendly|scenic,0.3,0.4,0.45,0.5,0.55,1.0,0.4,4,indoor_backup,,,A
SCN_0398,2h,sunny,10,good,15,indoor,photo_spot,family_small,2,1,car,high,45,0.25,0,0,indoor_comfort|photo_friendly|scenic,0.4,0.6,0.0,0.5,0.25,0.5,0.4,2,cafe_rest,,,A
SCN_0399,half_day,cloudy,20,bad,15,indoor,history,couple,2,0,car,medium,45,0.35,0,0,indoor_comfort|quiet,0.3,0.35,0.3,0.3,0.7,1.0,0.2,3,indoor_visit,,,A
SCN_0400,2h,cloudy,30,bad,15,family,cafe_area,family_small,2,1,car,low,50,0.6,0,0,family_friendly|indoor_comfort|kids_friendly|scenic,0.2,0.25,0.3,0.5,0.4,0.7,0.3,2,indoor_visit,,,A
SCN_0401,full_day,cloudy,60,bad,10,indoor,history,friends,3,0,public,medium,60,0.25,0,0,indoor_comfort|quiet,0.4,0.5,0.75,0.3,0.55,1.0,0.2,4,indoor_backup,,,A
SCN_0402,2h,cloudy,60,bad,14,photo,cafe_area,family_small,2,1,car,low,50,0.7,0,0,indoor_comfort|photo_friendly|scenic,0.2,0.25,0.75,0.75,0.4,0.7,0.8,2,indoor_backup,,,A
SCN_0403,full_day,rainy,95,normal,9,family,cafe_area,family_large,2,3,car,low,50,0.7,0,0,family_friendly|indoor_comfort|kids_friendly|scenic,0.2,0.4,0.45,0.5,0.55,0.7,0.3,4,indoor_backup,,,A
SCN_0404,full_day,rainy,95,good,9,healing,cafe_area,couple,2,0,car,low,40,0.6,0,0,indoor_comfort|scenic,0.2,0.2,0.45,0.8,0.75,1.0,0.3,4,indoor_visit,,,A
SCN_0405,half_day,rainy,95,normal,9,healing,festival,couple,2,0,car,medium,90,0.3,1,1,family_friendly|festival_event|interactive|kids_friendly,0.4,0.45,0.45,0.6,0.7,1.0,0.2,3,indoor_backup,,,A
SCN_0406,2h,rainy,60,normal,10,experience,history,solo,1,0,public,medium,75,0.15,0,0,interactive|quiet,0.4,0.45,0.45,0.3,0.3,1.0,0.2,2,indoor_backup,,,A
SCN_0407,full_day,sunny,20,normal,9,indoor,nature,family_large,2,3,car,high,85,0.0,0,0,healing|indoor_comfort|quiet|scenic,0.5,0.85,0.1,0.7,0.4,0.4,0.3,4,go_home,,,A
SCN_0408,full_day,cloudy,20,normal,16,family,history,family_medium,2,2,car,high,70,0.35,0,0,family_friendly|kids_friendly|quiet,0.5,0.85,0.0,0.3,0.4,0.4,0.2,4,go_home,,,A
SCN_0409,full_day,cloudy,60,normal,14,indoor,history,family_medium,2,2,car,medium,75,0.35,0,0,indoor_comfort|quiet,0.4,0.7,0.45,0.3,0.4,0.5,0.2,4,go_home,,,A
SCN_0410,half_day,sunny,15,normal,9,healing,indoor_culture,solo,1,0,car,low,75,0.85,0,0,indoor_comfort|quiet,0.3,0.25,0.0,0.6,0.7,1.0,0.2,3,short_walk,,,A
SCN_0411,full_day,cloudy,40,normal,15,healing,indoor_culture,couple,2,0,public,low,65,0.85,0,0,indoor_comfort|quiet,0.3,0.3,0.0,0.6,0.55,1.0,0.2,4,short_walk,,,A
SCN_0412,half_day,sunny,0,good,14,experience,indoor_culture,couple,2,0,car,low,65,0.95,0,0,indoor_comfort|interactive|quiet,0.3,0.25,0.0,0.3,0.7,1.0,0.2,3,short_walk,,,A
SCN_0413,2h,cloudy,30,bad,10,healing,cafe_area,couple,2,0,public,low,50,0.6,0,0,indoor_comfort|scenic,0.2,0.15,0.3,0.8,0.3,1.0,0.3,2,indoor_visit,,,A
SCN_0414,half_day,sunny,5,bad,9,indoor,photo_spot,couple,2,0,public,medium,70,0.05,0,0,indoor_comfort|photo_friendly|scenic,0.4,0.45,0.3,0.5,0.5,1.0,0.4,3,indoor_visit,,,A
SCN_0415,2h,cloudy,40,bad,16,indoor,cafe_area,family_large,2,3,car,low,60,0.8,0,0,indoor_comfort|scenic,0.3,0.45,0.3,0.5,0.3,0.6,0.3,2,indoor_visit,,,A
SCN_0416,2h,sunny,0,normal,16,family,festival,family_medium,2,2,car,medium,80,0.4,1,1,family_friendly|festival_event|interactive|kids_friendly,0.4,0.65,0.0,0.3,0.15,0.5,0.2,2,go_home,,,A
SCN_0417,full_day,rainy,60,normal,9,experience,cafe_area,family_small,2,1,car,low,35,0.8,0,0,indoor_comfort|interactive|scenic,0.2,0.3,0.45,0.5,0.65,0.7,0.3,4,indoor_visit,,,A
SCN_0418,2h,rainy,80,normal,14,healing,indoor_culture,family_large,2,3,public,low,75,0.95,0,0,indoor_comfort|quiet,0.3,0.45,0.45,0.6,0.1,0.6,0.2,2,indoor_backup,,,A
SCN_0419,half_day,cloudy,30,good,9,indoor,nature,family_large,2,3,car,high,85,0.0,0,0,healing|indoor_comfort|quiet|scenic,0.5,0.8,0.1,0.7,0.35,0.4,0.3,3,go_home,,,A
SCN_0420,full_day,sunny,10,normal,8,experience,history,couple,2,0,car,medium,45,0.35,0,0,interactive|quiet,0.3,0.4,0.0,0.3,0.75,1.0,0.2,4,short_walk,,,A
SCN_0421,full_day,rainy,80,good,8,experience,festival,friends,3,0,car,medium,80,0.4,1,1,family_friendly|festival_event|interactive|kids_friendly,0.4,0.5,0.45,0.3,0.75,1.0,0.2,4,indoor_visit,,,A
SCN_0422,2h,sunny,0,bad,14,indoor,photo_spot,solo,1,0,car,medium,55,0.15,0,0,indoor_comfort|photo_friendly|scenic,0.3,0.35,0.3,0.5,0.5,1.0,0.4,2,indoor_visit,,,A
SCN_0423,half_day,rainy,60,good,9,indoor,festival,family_medium,2,2,car,medium,95,0.3,1,1,family_friendly|festival_event|indoor_comfort|interactive|kids_friendly,0.4,0.65,0.45,0.3,0.35,0.5,0.2,3,indoor_backup,,,A
SCN_0424,2h,cloudy,60,normal,15,experience,cafe_area,couple,2,0,car,low,35,0.6,0,0,indoor_comfort|interactive|scenic,0.2,0.15,0.45,0.5,0.5,1.0,0.3,2,indoor_visit,,,A
SCN_0425,half_day,rainy,70,good,9,family,photo_spot,couple,2,0,car,medium,70,0.15,0,0,family_friendly|photo_friendly|scenic,0.4,0.45,0.45,0.5,0.7,1.0,0.4,3,indoor_backup,,,A
SCN_0426,half_day,sunny,15,good,10,healing,cafe_area,family_small,2,1,car,low,40,0.7,0,0,indoor_comfort|scenic,0.2,0.25,0.0,0.8,0.6,0.7,0.3,3,short_walk,,,A
SCN_0427,full_day,sunny,15,bad,10,family,cafe_area,couple,2,0,car,low,50,0.8,0,0,family_friendly|indoor_comfort|scenic,0.2,0.2,0.3,0.5,0.75,1.0,0.3,4,indoor_visit,,,A
SCN_0428,half_day,sunny,20,normal,9,family,photo_spot,family_medium,2,2,car,high,65,0.25,0,0,family_friendly|kids_friendly|photo_friendly|scenic,0.5,0.8,0.0,0.5,0.35,0.4,0.4,3,go_home,,,A
SCN_0429,full_day,sunny,5,bad,16,indoor,history,family_small,2,1,car,medium,75,0.35,0,0,indoor_comfort|quiet,0.4,0.6,0.3,0.3,0.5,0.5,0.2,4,indoor_backup,,,A
SCN_0430,full_day,cloudy,40,good,9,indoor,nature,family_small,2,1,car,medium,55,0.0,0,0,healing|indoor_comfort|quiet|scenic,0.3,0.5,0.0,0.7,0.65,0.6,0.3,4,short_walk,,,A
SCN_0431,half_day,rainy,70,good,14,experience,indoor_culture,family_medium,2,2,car,low,50,0.85,0,0,indoor_comfort|interactive|quiet,0.2,0.35,0.45,0.3,0.5,0.7,0.2,3,indoor_backup,,,A
SCN_0432,2h,rainy,90,normal,10,experience,festival,family_large,2,3,car,medium,90,0.4,1,1,family_friendly|festival_event|interactive|kids_friendly,0.4,0.65,0.45,0.3,0.15,0.5,0.2,2,go_home,,,A
SCN_0433,half_day,rainy,80,good,10,indoor,festival,solo,1,0,car,medium,90,0.4,1,1,family_friendly|festival_event|indoor_comfort|interactive|kids_friendly,0.4,0.45,0.45,0.3,0.7,1.0,0.2,3,indoor_visit,,,A
SCN_0434,full_day,sunny,15,normal,9,experience,history,family_medium,2,2,car,medium,70,0.15,0,0,interactive|quiet,0.4,0.7,0.1,0.3,0.4,0.5,0.2,4,go_home,,,A
SCN_0435,full_day,rainy,70,good,15,experience,indoor_culture,family_medium,2,2,car,low,65,1.0,0,0,indoor_comfort|interactive|quiet,0.3,0.5,0.45,0.3,0.55,0.6,0.2,4,indoor_backup,,,A
SCN_0436,half_day,cloudy,40,normal,10,healing,history,couple,2,0,car,medium,50,0.25,0,0,quiet,0.3,0.35,0.0,0.6,0.7,1.0,0.2,3,short_walk,,,A
SCN_0437,half_day,rainy,70,normal,10,indoor,photo_spot,family_medium,2,2,car,medium,55,0.05,0,0,indoor_comfort|photo_friendly|scenic,0.3,0.55,0.55,0.5,0.5,0.6,0.4,3,indoor_visit,,,A
SCN_0438,full_day,cloudy,20,good,8,healing,festival,friends,3,0,car,medium,95,0.2,1,1,family_friendly|festival_event|interactive|kids_friendly,0.4,0.5,0.0,0.6,0.75,1.0,0.2,4,short_walk,,,A
SCN_0439,full_day,sunny,15,good,8,indoor,indoor_culture,family_small,2,1,car,low,75,1.0,0,0,indoor_comfort|quiet,0.3,0.4,0.0,0.3,0.65,0.6,0.2,4,short_walk,,,A
SCN_0440,half_day,rainy,70,bad,10,experience,photo_spot,solo,1,0,car,medium,45,0.15,0,0,interactive|photo_friendly|scenic,0.3,0.35,0.75,0.5,0.7,1.0,0.4,3,indoor_backup,,,A
SCN_0441,full_day,sunny,0,normal,10,indoor,festival,family_medium,2,2,car,medium,80,0.3,1,1,family_friendly|festival_event|indoor_comfort|interactive|kids_friendly,0.4,0.7,0.0,0.3,0.4,0.5,0.2,4,go_home,,,A
SCN_0442,2h,rainy,60,normal,17,indoor,cafe_area,family_small,2,1,public,low,40,0.7,0,0,indoor_comfort|scenic,0.6,0.25,0.45,0.5,0.2,0.7,0.3,2,indoor_visit,,,A
SCN_0443,full_day,cloudy,20,normal,14,family,indoor_culture,friends,3,0,car,low,75,0.95,0,0,family_friendly|indoor_comfort|quiet,0.3,0.3,0.0,0.3,0.75,1.0,0.2,4,short_walk,,,A
SCN_0444,full_day,sunny,5,good,8,indoor,cafe_area,family_medium,2,2,car,low,35,0.6,0,0,indoor_comfort|scenic,0.2,0.4,0.0,0.5,0.55,0.7,0.3,4,short_walk,,,A
SCN_0445,half_day,sunny,0,normal,10,healing,cafe_area,solo,1,0,car,low,40,0.7,0,0,indoor_comfort|scenic,0.2,0.15,0.0,0.8,0.7,1.0,0.3,3,short_walk,,,A
SCN_0446,half_day,rainy,60,normal,15,family,festival,solo,1,0,public,medium,90,0.4,1,1,family_friendly|festival_event|interactive|kids_friendly,0.4,0.45,0.45,0.3,0.5,1.0,0.2,3,indoor_backup,,,A
SCN_0447,full_day,rainy,70,bad,15,experience,indoor_culture,couple,2,0,car,low,55,0.85,0,0,indoor_comfort|interactive|quiet,0.2,0.2,0.75,0.3,0.75,1.0,0.2,4,indoor_backup,,,A
SCN_0448,full_day,sunny,10,normal,10,family,cafe_area,family_medium,2,2,car,low,35,0.7,0,0,family_friendly|indoor_comfort|kids_friendly|scenic,0.2,0.4,0.0,0.5,0.55,0.7,0.3,4,short_walk,,,A
SCN_0449,half_day,rainy,90,normal,10,family,photo_spot,family_large,2,3,public,medium,55,0.05,0,0,family_friendly|kids_friendly|photo_friendly|scenic,0.3,0.55,0.55,0.5,0.3,0.6,0.4,3,indoor_backup,,,A
SCN_0450,2h,rainy,90,bad,17,indoor,nature,family_small,2,1,car,medium,55,0.0,0,0,healing|indoor_comfort|quiet|scenic,0.7,0.45,0.75,0.7,0.4,0.6,0.3,2,indoor_visit,,,A
SCN_0451,half_day,sunny,5,normal,14,family,cafe_area,friends,3,0,public,low,50,0.6,0,0,family_friendly|indoor_comfort|scenic,0.2,0.15,0.0,0.5,0.5,1.0,0.3,3,short_walk,,,A
SCN_0452,half_day,cloudy,20,normal,14,family,nature,family_large,2,3,car,medium,60,0.1,0,0,family_friendly|healing|kids_friendly|quiet|scenic,0.4,0.65,0.1,0.7,0.35,0.5,0.3,3,go_home,,,A
SCN_0453,2h,rainy,60,good,10,family,indoor_culture,friends,3,0,car,low,50,1.0,0,0,family_friendly|indoor_comfort|quiet,0.2,0.15,0.45,0.3,0.5,1.0,0.2,2,indoor_backup,,,A
SCN_0454,full_day,sunny,15,normal,9,indoor,nature,family_medium,2,2,car,high,55,0.1,0,0,healing|indoor_comfort|quiet|scenic,0.4,0.75,0.1,0.7,0.4,0.5,0.3,4,go_home,,,A
SCN_0455,half_day,sunny,10,normal,10,family,cafe_area,friends,3,0,public,low,40,0.6,0,0,family_friendly|indoor_comfort|scenic,0.2,0.15,0.0,0.5,0.5,1.0,0.3,3,short_walk,,,A
SCN_0456,full_day,cloudy,50,good,10,family,cafe_area,friends,3,0,public,low,40,0.8,0,0,family_friendly|indoor_comfort|scenic,0.2,0.2,0.0,0.5,0.55,1.0,0.3,4,short_walk,,,A
SCN_0457,full_day,sunny,10,good,9,family,photo_spot,couple,2,0,car,medium,55,0.25,0,0,family_friendly|photo_friendly|scenic,0.3,0.4,0.0,0.5,0.75,1.0,0.4,4,short_walk,,,A
SCN_0458,full_day,sunny,15,normal,14,family,history,family_medium,2,2,car,high,50,0.25,0,0,family_friendly|kids_friendly|quiet,0.4,0.75,0.0,0.3,0.4,0.5,0.2,4,go_home,,,A
SCN_0459,full_day,rainy,60,normal,9,indoor,cafe_area,couple,2,0,car,low,60,0.8,0,0,indoor_comfort|scenic,0.3,0.3,0.45,0.5,0.75,1.0,0.3,4,indoor_visit,,,A
SCN_0460,full_day,rainy,80,bad,10,healing,cafe_area,family_small,2,1,car,low,60,0.7,0,0,indoor_comfort|scenic,0.3,0.4,0.75,0.8,0.65,0.6,0.3,4,indoor_backup,,,A
SCN_0461,half_day,cloudy,50,normal,14,experience,photo_spot,couple,2,0,car,medium,70,0.25,0,0,interactive|photo_friendly|scenic,0.4,0.45,0.0,0.5,0.7,1.0,0.4,3,short_walk,,,A
SCN_0462,2h,sunny,10,bad,15,experience,history,family_large,2,3,car,medium,45,0.15,0,0,interactive|quiet,0.3,0.55,0.4,0.3,0.3,0.6,0.2,2,go_home,,,A
SCN_0463,2h,rainy,95,normal,14,indoor,photo_spot,solo,1,0,car,high,40,0.25,0,0,indoor_comfort|photo_friendly|scenic,0.4,0.5,0.45,0.5,0.5,1.0,0.4,2,indoor_visit,,,A
SCN_0464,full_day,sunny,20,good,14,experience,cafe_area,solo,1,0,car,low,35,0.8,0,0,indoor_comfort|interactive|scenic,0.2,0.2,0.0,0.5,0.75,1.0,0.3,4,short_walk,,,A
SCN_0465,half_day,sunny,0,good,15,indoor,photo_spot,friends,3,0,car,medium,45,0.15,0,0,indoor_comfort|photo_friendly|scenic,0.3,0.35,0.0,0.5,0.7,1.0,0.4,3,short_walk,,,A
SCN_0466,full_day,rainy,90,bad,14,healing,indoor_culture,family_small,2,1,car,low,65,0.85,0,0,indoor_comfort|quiet,0.3,0.4,0.75,0.6,0.65,0.6,0.2,4,indoor_backup,,,A
SCN_0467,2h,sunny,10,bad,16,family,history,solo,1,0,car,medium,50,0.15,0,0,family_friendly|quiet,0.3,0.35,0.3,0.3,0.5,1.0,0.2,2,indoor_backup,,,A
SCN_0468,full_day,sunny,10,good,10,indoor,nature,solo,1,0,car,medium,55,0.0,0,0,healing|indoor_comfort|quiet|scenic,0.3,0.4,0.0,0.7,0.75,1.0,0.3,4,short_walk,,,A
SCN_0469,half_day,cloudy,50,normal,10,indoor,cafe_area,solo,1,0,public,low,65,0.7,0,0,indoor_comfort|scenic,0.3,0.25,0.0,0.5,0.5,1.0,0.3,3,short_walk,,,A
SCN_0470,half_day,sunny,5,good,9,experience,festival,family_large,2,3,car,medium,65,0.4,1,1,family_friendly|festival_event|interactive|kids_friendly,0.4,0.65,0.0,0.3,0.35,0.5,0.2,3,go_home,,,A
SCN_0471,full_day,cloudy,30,normal,8,family,nature,family_medium,2,2,car,medium,70,0.1,0,0,family_friendly|healing|kids_friendly|quiet|scenic,0.4,0.7,0.1,0.7,0.4,0.5,0.3,4,go_home,,,A
SCN_0472,2h,rainy,60,bad,17,experience,indoor_culture,couple,2,0,car,low,55,1.0,0,0,indoor_comfort|interactive|quiet,0.6,0.15,0.75,0.3,0.5,1.0,0.2,2,indoor_backup,,,A
SCN_0473,2h,sunny,10,bad,15,indoor,indoor_culture,solo,1,0,car,low,55,0.85,0,0,indoor_comfort|quiet,0.2,0.15,0.3,0.3,0.5,1.0,0.2,2,indoor_visit,,,A
SCN_0474,half_day,sunny,20,normal,10,experience,nature,family_medium,2,2,car,medium,85,0.2,0,0,healing|interactive|quiet|scenic,0.4,0.65,0.1,0.7,0.35,0.5,0.3,3,go_home,,,A
SCN_0475,half_day,rainy,60,bad,16,indoor,history,family_medium,2,2,car,medium,70,0.25,0,0,indoor_comfort|quiet,0.4,0.65,0.75,0.3,0.35,0.5,0.2,3,indoor_backup,,,A
SCN_0476,half_day,sunny,5,normal,16,family,festival,family_medium,2,2,car,medium,80,0.4,1,1,family_friendly|festival_event|interactive|kids_friendly,0.4,0.65,0.0,0.3,0.35,0.5,0.2,3,go_home,,,A
SCN_0477,half_day,sunny,20,good,9,experience,cafe_area,friends,3,0,car,low,60,0.7,0,0,indoor_comfort|interactive|scenic,0.3,0.25,0.0,0.5,0.7,1.0,0.3,3,short_walk,,,A
SCN_0478,half_day,sunny,15,bad,9,experience,indoor_culture,family_large,2,3,public,low,80,0.85,0,0,indoor_comfort|interactive|quiet,0.3,0.45,0.3,0.3,0.3,0.6,0.2,3,indoor_backup,,,A
SCN_0479,2h,rainy,70,bad,10,indoor,history,friends,3,0,public,medium,70,0.15,0,0,indoor_comfort|quiet,0.4,0.45,0.75,0.3,0.3,1.0,0.2,2,indoor_backup,,,A
SCN_0480,half_day,cloudy,30,bad,16,experience,history,family_medium,2,2,public,medium,45,0.15,0,0,interactive|quiet,0.3,0.55,0.4,0.3,0.3,0.6,0.2,3,go_home,,,A
SCN_0481,2h,cloudy,30,normal,15,indoor,history,family_medium,2,2,car,medium,50,0.25,0,0,indoor_comfort|quiet,0.3,0.55,0.0,0.3,0.3,0.6,0.2,2,go_home,,,A
SCN_0482,2h,sunny,0,normal,10,healing,history,family_medium,2,2,public,medium,50,0.15,0,0,quiet,0.3,0.55,0.1,0.6,0.1,0.6,0.2,2,go_home,,,A
SCN_0483,half_day,cloudy,50,good,16,family,festival,family_medium,2,2,car,medium,80,0.3,1,1,family_friendly|festival_event|interactive|kids_friendly,0.4,0.65,0.0,0.3,0.35,0.5,0.2,3,go_home,,,A
SCN_0484,half_day,sunny,0,normal,15,healing,history,family_medium,2,2,car,high,70,0.35,0,0,quiet,0.5,0.8,0.0,0.6,0.35,0.4,0.2,3,go_home,,,A
SCN_0485,full_day,cloudy,40,normal,14,family,history,family_medium,2,2,car,medium,45,0.35,0,0,family_friendly|kids_friendly|quiet,0.3,0.6,0.0,0.3,0.4,0.6,0.2,4,go_home,,,A
SCN_0486,half_day,cloudy,30,bad,14,indoor,festival,family_large,2,3,car,medium,95,0.4,1,1,family_friendly|festival_event|indoor_comfort|interactive|kids_friendly,0.4,0.65,0.3,0.3,0.35,0.5,0.2,3,go_home,,,A
SCN_0487,full_day,sunny,0,good,10,healing,photo_spot,family_medium,2,2,car,medium,65,0.15,0,0,photo_friendly|scenic,0.4,0.7,0.1,0.8,0.4,0.5,0.4,4,go_home,,,A
SCN_0488,2h,cloudy,30,normal,15,family,photo_spot,family_large,2,3,car,medium,70,0.05,0,0,family_friendly|kids_friendly|photo_friendly|scenic,0.4,0.65,0.1,0.5,0.15,0.5,0.4,2,go_home,,,A
SCN_0489,2h,cloudy,30,normal,15,indoor,history,family_large,2,3,car,medium,45,0.35,0,0,indoor_comfort|quiet,0.3,0.55,0.0,0.3,0.3,0.6,0.2,2,go_home,,,A
SCN_0490,2h,cloudy,30,normal,14,family,nature,family_medium,2,2,car,high,55,0.0,0,0,family_friendly|healing|kids_friendly|quiet|scenic,0.4,0.7,0.1,0.7,0.15,0.5,0.3,2,go_home,,,A
