city,merchant_name,category,benefit_type,address,phone,source_url,source_image,raw_text,confidence,needs_review
서산시,서산 버드랜드,관광지,확인필요,,,,tourpass_map_01.png;tourpass_map_02.png,서산시|관광지|서산 버드랜드,0.55,true
서산시,천수만생태관광,관광지,확인필요,,,,tourpass_map_01.png;tourpass_map_02.png,서산시|관광지|천수만생태관광,0.55,true
서산시,서산 버드랜드 카페체험(체험),체험,확인필요,,,,tourpass_map_01.png;tourpass_map_02.png,서산시|체험|서산 버드랜드 카페체험(체험),0.55,true
서산시,블라공방,체험,확인필요,,,,tourpass_map_01.png;tourpass_map_02.png,서산시|체험|블라공방,0.55,true
서산시,마크라메 스튜디오 마레의감성,체험,확인필요,,,,tourpass_map_01.png;tourpass_map_02.png,서산시|체험|마크라메 스튜디오 마레의감성,0.55,true
서산시,오월기획탐방,체험,확인필요,,,,tourpass_map_01.png;tourpass_map_02.png,서산시|체험|오월기획탐방,0.55,true
서산시,여미갤러리(체험),체험,확인필요,,,,tourpass_map_01.png;tourpass_map_02.png,서산시|체험|여미갤러리(체험),0.55,true
서산시,더프리저브,체험,확인필요,,,,tourpass_map_01.png;tourpass_map_02.png,서산시|체험|더프리저브,0.55,true
서산시,서산모사 뜨개방,체험,확인필요,,,,tourpass_map_01.png;tourpass_map_02.png,서산시|체험|서산모사 뜨개방,0.55,true
서산시,꽃온공방,체험,확인필요,,,,tourpass_map_01.png;tourpass_map_02.png,서산시|체험|꽃온공방,0.55,true
서산시,겹데담,체험,확인필요,,,,tourpass_map_01.png;tourpass_map_02.png,서산시|체험|겹데담,0.55,true
서산시,종이그림,체험,확인필요,,,,tourpass_map_01.png;tourpass_map_02.png,서산시|체험|종이그림,0.55,true
서산시,여미도예,체험,확인필요,,,,tourpass_map_01.png;tourpass_map_02.png,서산시|체험|여미도예,0.55,true
서산시,서산 버드랜드 카페체험(카페),카페,확인필요,,,,tourpass_map_01.png;tourpass_map_02.png,서산시|카페|서산 버드랜드 카페체험(카페),0.55,true
서산시,휴암미술관카페,카페,확인필요,,,,tourpass_map_01.png;tourpass_map_02.png,서산시|카페|휴암미술관카페,0.55,true
서산시,여미갤러리(카페),카페,확인필요,,,,tourpass_map_01.png;tourpass_map_02.png,서산시|카페|여미갤러리(카페),0.55,true
서산시,여가61,카페,확인필요,,,,tourpass_map_01.png;tourpass_map_02.png,서산시|카페|여가61,0.55,true
서산시,해뜨는마을,카페,확인필요,,,,tourpass_map_01.png;tourpass_map_02.png,서산시|카페|해뜨는마을,0.55,true
천안시,아라리오갤러리,관광지,확인필요,,,,tourpass_map_01.png;tourpass_map_02.png,천안시|관광지|아라리오갤러리,0.55,true
천안시,아름다운정원 화수목,관광지,확인필요,,,,tourpass_map_01.png;tourpass_map_02.png,천안시|관광지|아름다운정원 화수목,0.55,true
천안시,1923역사관,관광지,확인필요,,,,tourpass_map_01.png;tourpass_map_02.png,천안시|관광지|1923역사관,0.55,true
천안시,새토화카페,관광지,확인필요,,,,tourpass_map_01.png;tourpass_map_02.png,천안시|관광지|새토화카페,0.55,true
천안시,투데이이즈유어헬스데이,관광지,확인필요,,,,tourpass_map_01.png;tourpass_map_02.png,천안시|관광지|투데이이즈유어헬스데이,0.55,true
천안시,이탈리아베네오강교육센터,관광지,확인필요,,,,tourpass_map_01.png;tourpass_map_02.png,천안시|관광지|이탈리아베네오강교육센터,0.55,true
천안시,여행나눔한국,관광지,확인필요,,,,tourpass_map_01.png;tourpass_map_02.png,천안시|관광지|여행나눔한국,0.55,true
천안시,탕세도씨 우리찻수,관광지,확인필요,,,,tourpass_map_01.png;tourpass_map_02.png,천안시|관광지|탕세도씨 우리찻수,0.55,true
천안시,천안상록리조트상록랜드,관광지,확인필요,,,,tourpass_map_01.png;tourpass_map_02.png,천안시|관광지|천안상록리조트상록랜드,0.55,true
천안시,엠피놀이터,관광지,확인필요,,,,tourpass_map_01.png;tourpass_map_02.png,천안시|관광지|엠피놀이터,0.55,true
천안시,페어링 에피소드,관광지,확인필요,,,,tourpass_map_01.png;tourpass_map_02.png,천안시|관광지|페어링 에피소드,0.55,true
천안시,Lets Craft 노드랩,관광지,확인필요,,,,tourpass_map_01.png;tourpass_map_02.png,천안시|관광지|Lets Craft 노드랩,0.55,true
천안시,늘솜아트,체험,확인필요,,,,tourpass_map_01.png;tourpass_map_02.png,천안시|체험|늘솜아트,0.55,true
천안시,구씨,체험,확인필요,,,,tourpass_map_01.png;tourpass_map_02.png,천안시|체험|구씨,0.55,true
천안시,어린이트램,체험,확인필요,,,,tourpass_map_01.png;tourpass_map_02.png,천안시|체험|어린이트램,0.55,true
천안시,알릴공방,체험,확인필요,,,,tourpass_map_01.png;tourpass_map_02.png,천안시|체험|알릴공방,0.55,true
천안시,랜드마크 195,카페,확인필요,,,,tourpass_map_01.png;tourpass_map_02.png,천안시|카페|랜드마크 195,0.55,true
천안시,아산아트홀 카페,카페,확인필요,,,,tourpass_map_01.png;tourpass_map_02.png,천안시|카페|아산아트홀 카페,0.55,true
천안시,카페백금당 청수행정점,카페,확인필요,,,,tourpass_map_01.png;tourpass_map_02.png,천안시|카페|카페백금당 청수행정점,0.55,true
천안시,카페호두,카페,확인필요,,,,tourpass_map_01.png;tourpass_map_02.png,천안시|카페|카페호두,0.55,true
천안시,카페떡국 신부점,카페,확인필요,,,,tourpass_map_01.png;tourpass_map_02.png,천안시|카페|카페떡국 신부점,0.55,true
천안시,상록리조트,음식점,확인필요,,,,tourpass_map_01.png;tourpass_map_02.png,천안시|음식점|상록리조트,0.55,true
천안시,그레이스튜디오,음식점,확인필요,,,,tourpass_map_01.png;tourpass_map_02.png,천안시|음식점|그레이스튜디오,0.55,true
천안시,아우내힐링스테이,숙박,확인필요,,,,tourpass_map_01.png;tourpass_map_02.png,천안시|숙박|아우내힐링스테이,0.55,true
천안시,라마다앙코르 바이 윈덤,숙박,확인필요,,,,tourpass_map_01.png;tourpass_map_02.png,천안시|숙박|라마다앙코르 바이 윈덤,0.55,true
당진시,삽교호 함상공원해양테마,관광지,확인필요,,,,tourpass_map_01.png;tourpass_map_02.png,당진시|관광지|삽교호 함상공원해양테마,0.55,true
당진시,순성미술관,관광지,확인필요,,,,tourpass_map_01.png;tourpass_map_02.png,당진시|관광지|순성미술관,0.55,true
당진시,아미미술관,관광지,확인필요,,,,tourpass_map_01.png;tourpass_map_02.png,당진시|관광지|아미미술관,0.55,true
당진시,면천읍성안 그 미술관,관광지,확인필요,,,,tourpass_map_01.png;tourpass_map_02.png,당진시|관광지|면천읍성안 그 미술관,0.55,true
당진시,앵무세상,관광지,확인필요,,,,tourpass_map_01.png;tourpass_map_02.png,당진시|관광지|앵무세상,0.55,true
당진시,삽교호 자전거 터미널,체험,확인필요,,,,tourpass_map_01.png;tourpass_map_02.png,당진시|체험|삽교호 자전거 터미널,0.55,true
당진시,비품무인 드로잉스튜디오,체험,확인필요,,,,tourpass_map_01.png;tourpass_map_02.png,당진시|체험|비품무인 드로잉스튜디오,0.55,true
당진시,틈틈화분,체험,확인필요,,,,tourpass_map_01.png;tourpass_map_02.png,당진시|체험|틈틈화분,0.55,true
당진시,예인상회,체험,확인필요,,,,tourpass_map_01.png;tourpass_map_02.png,당진시|체험|예인상회,0.55,true
당진시,카페보니또 삽교천점,카페,확인필요,,,,tourpass_map_01.png;tourpass_map_02.png,당진시|카페|카페보니또 삽교천점,0.55,true
당진시,카페로우,카페,확인필요,,,,tourpass_map_01.png;tourpass_map_02.png,당진시|카페|카페로우,0.55,true
당진시,합덕역앞카페,카페,확인필요,,,,tourpass_map_01.png;tourpass_map_02.png,당진시|카페|합덕역앞카페,0.55,true
당진시,아트바젤,카페,확인필요,,,,tourpass_map_01.png;tourpass_map_02.png,당진시|카페|아트바젤,0.55,true
당진시,카페피어라,카페,확인필요,,,,tourpass_map_01.png;tourpass_map_02.png,당진시|카페|카페피어라,0.55,true
당진시,아미루트,카페,확인필요,,,,tourpass_map_01.png;tourpass_map_02.png,당진시|카페|아미루트,0.55,true
당진시,작은커피나무,카페,확인필요,,,,tourpass_map_01.png;tourpass_map_02.png,당진시|카페|작은커피나무,0.55,true
당진시,빈스,카페,확인필요,,,,tourpass_map_01.png;tourpass_map_02.png,당진시|카페|빈스,0.55,true
당진시,카페레몬가,카페,확인필요,,,,tourpass_map_01.png;tourpass_map_02.png,당진시|카페|카페레몬가,0.55,true
당진시,커피박,카페,확인필요,,,,tourpass_map_01.png;tourpass_map_02.png,당진시|카페|커피박,0.55,true
당진시,맛태삼대마을,음식점,확인필요,,,,tourpass_map_01.png;tourpass_map_02.png,당진시|음식점|맛태삼대마을,0.55,true
당진시,왜목제일횟집,음식점,확인필요,,,,tourpass_map_01.png;tourpass_map_02.png,당진시|음식점|왜목제일횟집,0.55,true
당진시,순성브루어리,음식점,확인필요,,,,tourpass_map_01.png;tourpass_map_02.png,당진시|음식점|순성브루어리,0.55,true
아산시,아산퍼스트빌리지공룡월드,관광지,확인필요,,,,tourpass_map_01.png;tourpass_map_02.png,아산시|관광지|아산퍼스트빌리지공룡월드,0.55,true
아산시,아산레일바이크,체험,확인필요,,,,tourpass_map_01.png;tourpass_map_02.png,아산시|체험|아산레일바이크,0.55,true
아산시,오월기획공방,체험,확인필요,,,,tourpass_map_01.png;tourpass_map_02.png,아산시|체험|오월기획공방,0.55,true
아산시,공방단디,체험,확인필요,,,,tourpass_map_01.png;tourpass_map_02.png,아산시|체험|공방단디,0.55,true
아산시,푸루삼점,체험,확인필요,,,,tourpass_map_01.png;tourpass_map_02.png,아산시|체험|푸루삼점,0.55,true
아산시,조은아한복,체험,확인필요,,,,tourpass_map_01.png;tourpass_map_02.png,아산시|체험|조은아한복,0.55,true
아산시,허그스(hugs),카페,확인필요,,,,tourpass_map_01.png;tourpass_map_02.png,아산시|카페|허그스(hugs),0.55,true
아산시,제이피스트로,카페,확인필요,,,,tourpass_map_01.png;tourpass_map_02.png,아산시|카페|제이피스트로,0.55,true
아산시,티팩스,카페,확인필요,,,,tourpass_map_01.png;tourpass_map_02.png,아산시|카페|티팩스,0.55,true
아산시,정호두,카페,확인필요,,,,tourpass_map_01.png;tourpass_map_02.png,아산시|카페|정호두,0.55,true
아산시,온기지디저트랩,음식점,확인필요,,,,tourpass_map_01.png;tourpass_map_02.png,아산시|음식점|온기지디저트랩,0.55,true
아산시,그울린,음식점,확인필요,,,,tourpass_map_01.png;tourpass_map_02.png,아산시|음식점|그울린,0.55,true
예산군,내포보부상촌,관광지,확인필요,,,,tourpass_map_01.png;tourpass_map_02.png,예산군|관광지|내포보부상촌,0.55,true
예산군,제이드플라워 갤러리,관광지,확인필요,,,,tourpass_map_01.png;tourpass_map_02.png,예산군|관광지|제이드플라워 갤러리,0.55,true
예산군,아그로랜드 태신목장,관광지,확인필요,,,,tourpass_map_01.png;tourpass_map_02.png,예산군|관광지|아그로랜드 태신목장,0.55,true
예산군,꽃차다락방,관광지,확인필요,,,,tourpass_map_01.png;tourpass_map_02.png,예산군|관광지|꽃차다락방,0.55,true
예산군,꿈채려이야기,체험,확인필요,,,,tourpass_map_01.png;tourpass_map_02.png,예산군|체험|꿈채려이야기,0.55,true
예산군,고요,체험,확인필요,,,,tourpass_map_01.png;tourpass_map_02.png,예산군|체험|고요,0.55,true
예산군,오색꽃차치유농원,체험,확인필요,,,,tourpass_map_01.png;tourpass_map_02.png,예산군|체험|오색꽃차치유농원,0.55,true
예산군,빗들로 18,체험,확인필요,,,,tourpass_map_01.png;tourpass_map_02.png,예산군|체험|빗들로 18,0.55,true
예산군,세라믹 아트 공작소,체험,확인필요,,,,tourpass_map_01.png;tourpass_map_02.png,예산군|체험|세라믹 아트 공작소,0.55,true
예산군,해미트커피마켓,카페,확인필요,,,,tourpass_map_01.png;tourpass_map_02.png,예산군|카페|해미트커피마켓,0.55,true
예산군,Yes mountain,카페,확인필요,,,,tourpass_map_01.png;tourpass_map_02.png,예산군|카페|Yes mountain,0.55,true
예산군,예산장,음식점,확인필요,,,,tourpass_map_01.png;tourpass_map_02.png,예산군|음식점|예산장,0.55,true
예산군,삽교 곱창거리 곱창인가,음식점,확인필요,,,,tourpass_map_01.png;tourpass_map_02.png,예산군|음식점|삽교 곱창거리 곱창인가,0.55,true
예산군,예산사과빵상회,음식점,확인필요,,,,tourpass_map_01.png;tourpass_map_02.png,예산군|음식점|예산사과빵상회,0.55,true
예산군,로컬푸드소 고로집,음식점,확인필요,,,,tourpass_map_01.png;tourpass_map_02.png,예산군|음식점|로컬푸드소 고로집,0.55,true
예산군,예가편예산황토사과,음식점,확인필요,,,,tourpass_map_01.png;tourpass_map_02.png,예산군|음식점|예가편예산황토사과,0.55,true
예산군,백세호텔,숙박,확인필요,,,,tourpass_map_01.png;tourpass_map_02.png,예산군|숙박|백세호텔,0.55,true
홍성군,국립충남기상과학관,확인필요,확인필요,,,,tourpass_map_01.png;tourpass_map_02.png,홍성군|확인필요|국립충남기상과학관,0.4,true
홍성군,어울노의 집,확인필요,확인필요,,,,tourpass_map_01.png;tourpass_map_02.png,홍성군|확인필요|어울노의 집,0.4,true
홍성군,아기농장,확인필요,확인필요,,,,tourpass_map_01.png;tourpass_map_02.png,홍성군|확인필요|아기농장,0.4,true
홍성군,도깨비노리터,확인필요,확인필요,,,,tourpass_map_01.png;tourpass_map_02.png,홍성군|확인필요|도깨비노리터,0.4,true
홍성군,해피팜,확인필요,확인필요,,,,tourpass_map_01.png;tourpass_map_02.png,홍성군|확인필요|해피팜,0.4,true
홍성군,목공소(체험),체험,확인필요,,,,tourpass_map_01.png;tourpass_map_02.png,홍성군|체험|목공소(체험),0.55,true
홍성군,흙빚는 도자기 공방,체험,확인필요,,,,tourpass_map_01.png;tourpass_map_02.png,홍성군|체험|흙빚는 도자기 공방,0.55,true
홍성군,한포인트랩,확인필요,확인필요,,,,tourpass_map_01.png;tourpass_map_02.png,홍성군|확인필요|한포인트랩,0.4,true
홍성군,호호공방,체험,확인필요,,,,tourpass_map_01.png;tourpass_map_02.png,홍성군|체험|호호공방,0.55,true
홍성군,대박퀴즈,확인필요,확인필요,,,,tourpass_map_01.png;tourpass_map_02.png,홍성군|확인필요|대박퀴즈,0.4,true
홍성군,동그라미교실,체험,확인필요,,,,tourpass_map_01.png;tourpass_map_02.png,홍성군|체험|동그라미교실,0.55,true
홍성군,리본,확인필요,확인필요,,,,tourpass_map_01.png;tourpass_map_02.png,홍성군|확인필요|리본,0.4,true
홍성군,육아쓰공방,체험,확인필요,,,,tourpass_map_01.png;tourpass_map_02.png,홍성군|체험|육아쓰공방,0.55,true
홍성군,쿠킹다이어리,체험,확인필요,,,,tourpass_map_01.png;tourpass_map_02.png,홍성군|체험|쿠킹다이어리,0.55,true
홍성군,홍성제과제빵학원,체험,확인필요,,,,tourpass_map_01.png;tourpass_map_02.png,홍성군|체험|홍성제과제빵학원,0.55,true
홍성군,목공소(부엌),체험,확인필요,,,,tourpass_map_01.png;tourpass_map_02.png,홍성군|체험|목공소(부엌),0.55,true
홍성군,피나아트,확인필요,확인필요,,,,tourpass_map_01.png;tourpass_map_02.png,홍성군|확인필요|피나아트,0.4,true
홍성군,이히,확인필요,확인필요,,,,tourpass_map_01.png;tourpass_map_02.png,홍성군|확인필요|이히,0.4,true
홍성군,내포예예,확인필요,확인필요,,,,tourpass_map_01.png;tourpass_map_02.png,홍성군|확인필요|내포예예,0.4,true
홍성군,조경예술관광농원,관광지,확인필요,,,,tourpass_map_01.png;tourpass_map_02.png,홍성군|관광지|조경예술관광농원,0.55,true
홍성군,프롬어인,확인필요,확인필요,,,,tourpass_map_01.png;tourpass_map_02.png,홍성군|확인필요|프롬어인,0.4,true
홍성군,학계문화디자인,확인필요,확인필요,,,,tourpass_map_01.png;tourpass_map_02.png,홍성군|확인필요|학계문화디자인,0.4,true
태안군,태안국제원예치유박람회,관광지,확인필요,,,,tourpass_map_01.png;tourpass_map_02.png,태안군|관광지|태안국제원예치유박람회,0.55,true
태안군,천리포수목원,관광지,확인필요,,,,tourpass_map_01.png;tourpass_map_02.png,태안군|관광지|천리포수목원,0.55,true
태안군,네이처월드관광농원,관광지,확인필요,,,,tourpass_map_01.png;tourpass_map_02.png,태안군|관광지|네이처월드관광농원,0.55,true
태안군,팜카밀레,확인필요,확인필요,,,,tourpass_map_01.png;tourpass_map_02.png,태안군|확인필요|팜카밀레,0.4,true
태안군,별똥별 하늘공원,관광지,확인필요,,,,tourpass_map_01.png;tourpass_map_02.png,태안군|관광지|별똥별 하늘공원,0.55,true
태안군,오마이갤러리,관광지,확인필요,,,,tourpass_map_01.png;tourpass_map_02.png,태안군|관광지|오마이갤러리,0.55,true
태안군,안면도 쥬라기 박물관,관광지,확인필요,,,,tourpass_map_01.png;tourpass_map_02.png,태안군|관광지|안면도 쥬라기 박물관,0.55,true
태안군,더 마나나,확인필요,확인필요,,,,tourpass_map_01.png;tourpass_map_02.png,태안군|확인필요|더 마나나,0.4,true
태안군,더벨롭,확인필요,확인필요,,,,tourpass_map_01.png;tourpass_map_02.png,태안군|확인필요|더벨롭,0.4,true
태안군,조아나리,체험,확인필요,,,,tourpass_map_01.png;tourpass_map_02.png,태안군|체험|조아나리,0.55,true
태안군,꿈꾸는달님도자기,체험,확인필요,,,,tourpass_map_01.png;tourpass_map_02.png,태안군|체험|꿈꾸는달님도자기,0.55,true
태안군,안면도 쥬라기 박물관 체험,체험,확인필요,,,,tourpass_map_01.png;tourpass_map_02.png,태안군|체험|안면도 쥬라기 박물관 체험,0.55,true
태안군,안면도 쥬라기 박물관 미디어영상관,관광지,확인필요,,,,tourpass_map_01.png;tourpass_map_02.png,태안군|관광지|안면도 쥬라기 박물관 미디어영상관,0.55,true
태안군,아로마 공방,체험,확인필요,,,,tourpass_map_01.png;tourpass_map_02.png,태안군|체험|아로마 공방,0.55,true
태안군,서림상회,확인필요,확인필요,,,,tourpass_map_01.png;tourpass_map_02.png,태안군|확인필요|서림상회,0.4,true
태안군,안면도 쥬라기 박물관 뮤지엄샵,확인필요,확인필요,,,,tourpass_map_01.png;tourpass_map_02.png,태안군|확인필요|안면도 쥬라기 박물관 뮤지엄샵,0.4,true
서천군,국립생태원,관광지,확인필요,,,,tourpass_map_01.png;tourpass_map_02.png,서천군|관광지|국립생태원,0.55,true
서천군,에코랜드,관광지,확인필요,,,,tourpass_map_01.png;tourpass_map_02.png,서천군|관광지|에코랜드,0.55,true
서천군,테라브릭(어린이경험),체험,확인필요,,,,tourpass_map_01.png;tourpass_map_02.png,서천군|체험|테라브릭(어린이경험),0.55,true
서천군,물이름 생태체험학습센터,확인필요,확인필요,,,,tourpass_map_01.png;tourpass_map_02.png,서천군|확인필요|물이름 생태체험학습센터,0.4,true
서천군,서천물버들치유마을,확인필요,확인필요,,,,tourpass_map_01.png;tourpass_map_02.png,서천군|확인필요|서천물버들치유마을,0.4,true
서천군,삼화양조장,확인필요,확인필요,,,,tourpass_map_01.png;tourpass_map_02.png,서천군|확인필요|삼화양조장,0.4,true
서천군,샐러드담다,확인필요,확인필요,,,,tourpass_map_01.png;tourpass_map_02.png,서천군|확인필요|샐러드담다,0.4,true
서천군,미서전통유과,확인필요,확인필요,,,,tourpass_map_01.png;tourpass_map_02.png,서천군|확인필요|미서전통유과,0.4,true
서천군,"판교 책방, 눈맞추다",확인필요,확인필요,,,,tourpass_map_01.png;tourpass_map_02.png,"서천군|확인필요|판교 책방, 눈맞추다",0.4,true
부여군,백제문화단지 + 백제군사박물관,관광지,확인필요,,,,tourpass_map_01.png;tourpass_map_02.png,부여군|관광지|백제문화단지 + 백제군사박물관,0.55,true
부여군,부소산성,관광지,확인필요,,,,tourpass_map_01.png;tourpass_map_02.png,부여군|관광지|부소산성,0.55,true
부여군,부여중앙시장,확인필요,확인필요,,,,tourpass_map_01.png;tourpass_map_02.png,부여군|확인필요|부여중앙시장,0.4,true
부여군,드론앤톡톡,체험,확인필요,,,,tourpass_map_01.png;tourpass_map_02.png,부여군|체험|드론앤톡톡,0.55,true
부여군,홍성장시사람들 체험,체험,확인필요,,,,tourpass_map_01.png;tourpass_map_02.png,부여군|체험|홍성장시사람들 체험,0.55,true
부여군,가림성회(체험),체험,확인필요,,,,tourpass_map_01.png;tourpass_map_02.png,부여군|체험|가림성회(체험),0.55,true
부여군,벨라숍,확인필요,확인필요,,,,tourpass_map_01.png;tourpass_map_02.png,부여군|확인필요|벨라숍,0.4,true
부여군,수북로 1945,확인필요,확인필요,,,,tourpass_map_01.png;tourpass_map_02.png,부여군|확인필요|수북로 1945,0.4,true
부여군,가림성회(카페),카페,확인필요,,,,tourpass_map_01.png;tourpass_map_02.png,부여군|카페|가림성회(카페),0.55,true
부여군,홍성장시사람들 승마여행,체험,확인필요,,,,tourpass_map_01.png;tourpass_map_02.png,부여군|체험|홍성장시사람들 승마여행,0.55,true
부여군,탑샐러드,확인필요,확인필요,,,,tourpass_map_01.png;tourpass_map_02.png,부여군|확인필요|탑샐러드,0.4,true
보령시,우청포카페,카페,확인필요,,,,tourpass_map_01.png;tourpass_map_02.png,보령시|카페|우청포카페,0.55,true
보령시,보령석탄박물관,관광지,확인필요,,,,tourpass_map_01.png;tourpass_map_02.png,보령시|관광지|보령석탄박물관,0.55,true
보령시,성주산자연휴양림,관광지,확인필요,,,,tourpass_map_01.png;tourpass_map_02.png,보령시|관광지|성주산자연휴양림,0.55,true
보령시,바둑이네 동물원,관광지,확인필요,,,,tourpass_map_01.png;tourpass_map_02.png,보령시|관광지|바둑이네 동물원,0.55,true
보령시,대천브루어리(체험),체험,확인필요,,,,tourpass_map_01.png;tourpass_map_02.png,보령시|체험|대천브루어리(체험),0.55,true
보령시,우유창고(체험),체험,확인필요,,,,tourpass_map_01.png;tourpass_map_02.png,보령시|체험|우유창고(체험),0.55,true
보령시,스킨포레스트,확인필요,확인필요,,,,tourpass_map_01.png;tourpass_map_02.png,보령시|확인필요|스킨포레스트,0.4,true
보령시,카페장은리,카페,확인필요,,,,tourpass_map_01.png;tourpass_map_02.png,보령시|카페|카페장은리,0.55,true
보령시,카페담소,카페,확인필요,,,,tourpass_map_01.png;tourpass_map_02.png,보령시|카페|카페담소,0.55,true
보령시,원산도커피,카페,확인필요,,,,tourpass_map_01.png;tourpass_map_02.png,보령시|카페|원산도커피,0.55,true
보령시,우유창고(카페),카페,확인필요,,,,tourpass_map_01.png;tourpass_map_02.png,보령시|카페|우유창고(카페),0.55,true
보령시,보령머드화장품(직영점),확인필요,확인필요,,,,tourpass_map_01.png;tourpass_map_02.png,보령시|확인필요|보령머드화장품(직영점),0.4,true
보령시,대천브루어리 수제맥주 양조장&펍(카페),카페,확인필요,,,,tourpass_map_01.png;tourpass_map_02.png,보령시|카페|대천브루어리 수제맥주 양조장&펍(카페),0.55,true
보령시,대천아빠와 with 대천브루어리,확인필요,확인필요,,,,tourpass_map_01.png;tourpass_map_02.png,보령시|확인필요|대천아빠와 with 대천브루어리,0.4,true
보령시,마레 with 대천브루어리,확인필요,확인필요,,,,tourpass_map_01.png;tourpass_map_02.png,보령시|확인필요|마레 with 대천브루어리,0.4,true
공주시,어린이 감성체험장,체험,확인필요,,,,tourpass_map_01.png;tourpass_map_02.png,공주시|체험|어린이 감성체험장,0.55,true
공주시,새벽가,확인필요,확인필요,,,,tourpass_map_01.png;tourpass_map_02.png,공주시|확인필요|새벽가,0.4,true
공주시,러리플라워,확인필요,확인필요,,,,tourpass_map_01.png;tourpass_map_02.png,공주시|확인필요|러리플라워,0.4,true
공주시,카페 윈바우,카페,확인필요,,,,tourpass_map_01.png;tourpass_map_02.png,공주시|카페|카페 윈바우,0.55,true
공주시,캐슬1477,확인필요,확인필요,,,,tourpass_map_01.png;tourpass_map_02.png,공주시|확인필요|캐슬1477,0.4,true
공주시,손수 만든 작은 상점,확인필요,확인필요,,,,tourpass_map_01.png;tourpass_map_02.png,공주시|확인필요|손수 만든 작은 상점,0.4,true
공주시,재원다방,카페,확인필요,,,,tourpass_map_01.png;tourpass_map_02.png,공주시|카페|재원다방,0.55,true
공주시,기와이네 국수,음식점,확인필요,,,,tourpass_map_01.png;tourpass_map_02.png,공주시|음식점|기와이네 국수,0.55,true
공주시,한옥1964,확인필요,확인필요,,,,tourpass_map_01.png;tourpass_map_02.png,공주시|확인필요|한옥1964,0.4,true
논산시,선샤인랜드(밀리터리체험관),관광지,확인필요,,,,tourpass_map_01.png;tourpass_map_02.png,논산시|관광지|선샤인랜드(밀리터리체험관),0.55,true
논산시,지산농원,확인필요,확인필요,,,,tourpass_map_01.png;tourpass_map_02.png,논산시|확인필요|지산농원,0.4,true
논산시,종이문화재단 논산교육원,체험,확인필요,,,,tourpass_map_01.png;tourpass_map_02.png,논산시|체험|종이문화재단 논산교육원,0.55,true
논산시,세라진스튜디오,확인필요,확인필요,,,,tourpass_map_01.png;tourpass_map_02.png,논산시|확인필요|세라진스튜디오,0.4,true
논산시,일편미나리,확인필요,확인필요,,,,tourpass_map_01.png;tourpass_map_02.png,논산시|확인필요|일편미나리,0.4,true
논산시,부원플레이스 힐링연계공원,관광지,확인필요,,,,tourpass_map_01.png;tourpass_map_02.png,논산시|관광지|부원플레이스 힐링연계공원,0.55,true
논산시,심스커피,카페,확인필요,,,,tourpass_map_01.png;tourpass_map_02.png,논산시|카페|심스커피,0.55,true
논산시,카페루니,카페,확인필요,,,,tourpass_map_01.png;tourpass_map_02.png,논산시|카페|카페루니,0.55,true
논산시,어드레스&플도넛,카페,확인필요,,,,tourpass_map_01.png;tourpass_map_02.png,논산시|카페|어드레스&플도넛,0.55,true
논산시,노성산성in카페,카페,확인필요,,,,tourpass_map_01.png;tourpass_map_02.png,논산시|카페|노성산성in카페,0.55,true
논산시,탑정호 in 카페,카페,확인필요,,,,tourpass_map_01.png;tourpass_map_02.png,논산시|카페|탑정호 in 카페,0.55,true
논산시,된장포 WACU,확인필요,확인필요,,,,tourpass_map_01.png;tourpass_map_02.png,논산시|확인필요|된장포 WACU,0.4,true
논산시,금성다방,카페,확인필요,,,,tourpass_map_01.png;tourpass_map_02.png,논산시|카페|금성다방,0.55,true
논산시,가야곡 돌솥쌈밥,음식점,확인필요,,,,tourpass_map_01.png;tourpass_map_02.png,논산시|음식점|가야곡 돌솥쌈밥,0.55,true
논산시,금복로45,확인필요,확인필요,,,,tourpass_map_01.png;tourpass_map_02.png,논산시|확인필요|금복로45,0.4,true
논산시,따뜻한 밥상,음식점,확인필요,,,,tourpass_map_01.png;tourpass_map_02.png,논산시|음식점|따뜻한 밥상,0.55,true
논산시,길위에 반하다,확인필요,확인필요,,,,tourpass_map_01.png;tourpass_map_02.png,논산시|확인필요|길위에 반하다,0.4,true
금산군,하늘공방&고파스토리,체험,확인필요,,,,tourpass_map_01.png;tourpass_map_02.png,금산군|체험|하늘공방&고파스토리,0.55,true
금산군,금실,확인필요,확인필요,,,,tourpass_map_01.png;tourpass_map_02.png,금산군|확인필요|금실,0.4,true
금산군,바우나비랜드,관광지,확인필요,,,,tourpass_map_01.png;tourpass_map_02.png,금산군|관광지|바우나비랜드,0.55,true
금산군,장안스포츠센터,확인필요,확인필요,,,,tourpass_map_01.png;tourpass_map_02.png,금산군|확인필요|장안스포츠센터,0.4,true
금산군,도자기공방나무별,체험,확인필요,,,,tourpass_map_01.png;tourpass_map_02.png,금산군|체험|도자기공방나무별,0.55,true
금산군,블링바이올렛,확인필요,확인필요,,,,tourpass_map_01.png;tourpass_map_02.png,금산군|확인필요|블링바이올렛,0.4,true
금산군,나르샤의실,확인필요,확인필요,,,,tourpass_map_01.png;tourpass_map_02.png,금산군|확인필요|나르샤의실,0.4,true
금산군,루체아의 뜰,확인필요,확인필요,,,,tourpass_map_01.png;tourpass_map_02.png,금산군|확인필요|루체아의 뜰,0.4,true
금산군,내재,확인필요,확인필요,,,,tourpass_map_01.png;tourpass_map_02.png,금산군|확인필요|내재,0.4,true
금산군,새미학기원,확인필요,확인필요,,,,tourpass_map_01.png;tourpass_map_02.png,금산군|확인필요|새미학기원,0.4,true
금산군,삼신식당,음식점,확인필요,,,,tourpass_map_01.png;tourpass_map_02.png,금산군|음식점|삼신식당,0.55,true
금산군,INK 관광호텔,숙박,확인필요,,,,tourpass_map_01.png;tourpass_map_02.png,금산군|숙박|INK 관광호텔,0.55,true
청양군,고운식물원,관광지,확인필요,,,,tourpass_map_01.png;tourpass_map_02.png,청양군|관광지|고운식물원,0.55,true
청양군,백제문화체험박물관,관광지,확인필요,,,,tourpass_map_01.png;tourpass_map_02.png,청양군|관광지|백제문화체험박물관,0.55,true
청양군,칠갑산천문대스타파크,관광지,확인필요,,,,tourpass_map_01.png;tourpass_map_02.png,청양군|관광지|칠갑산천문대스타파크,0.55,true
청양군,온직다원,확인필요,확인필요,,,,tourpass_map_01.png;tourpass_map_02.png,청양군|확인필요|온직다원,0.4,true
청양군,숲속향기카페,카페,확인필요,,,,tourpass_map_01.png;tourpass_map_02.png,청양군|카페|숲속향기카페,0.55,true
청양군,덴오브마운틴,확인필요,확인필요,,,,tourpass_map_01.png;tourpass_map_02.png,청양군|확인필요|덴오브마운틴,0.4,true
청양군,카페 꽃이피어나는자리,카페,확인필요,,,,tourpass_map_01.png;tourpass_map_02.png,청양군|카페|카페 꽃이피어나는자리,0.55,true
청양군,애플카페,카페,확인필요,,,,tourpass_map_01.png;tourpass_map_02.png,청양군|카페|애플카페,0.55,true
청양군,옹기유황방,확인필요,확인필요,,,,tourpass_map_01.png;tourpass_map_02.png,청양군|확인필요|옹기유황방,0.4,true
청양군,밴관,확인필요,확인필요,,,,tourpass_map_01.png;tourpass_map_02.png,청양군|확인필요|밴관,0.4,true
청양군,칠갑산 청정 한우타운,음식점,확인필요,,,,tourpass_map_01.png;tourpass_map_02.png,청양군|음식점|칠갑산 청정 한우타운,0.55,true
청양군,알프스글램핑,확인필요,확인필요,,,,tourpass_map_01.png;tourpass_map_02.png,청양군|확인필요|알프스글램핑,0.4,true
청양군,백제문화자연사박물관,관광지,확인필요,,,,tourpass_map_01.png;tourpass_map_02.png,청양군|관광지|백제문화자연사박물관,0.55,true
청양군,어린이 백제 체험관,체험,확인필요,,,,tourpass_map_01.png;tourpass_map_02.png,청양군|체험|어린이 백제 체험관,0.55,true
청양군,별아래,확인필요,확인필요,,,,tourpass_map_01.png;tourpass_map_02.png,청양군|확인필요|별아래,0.4,true
청양군,카페 미스터브리즈,카페,확인필요,,,,tourpass_map_01.png;tourpass_map_02.png,청양군|카페|카페 미스터브리즈,0.55,true
청양군,뒤로책방,확인필요,확인필요,,,,tourpass_map_01.png;tourpass_map_02.png,청양군|확인필요|뒤로책방,0.4,true
청양군,이호갤러리,관광지,확인필요,,,,tourpass_map_01.png;tourpass_map_02.png,청양군|관광지|이호갤러리,0.55,true
청양군,카페 신동,카페,확인필요,,,,tourpass_map_01.png;tourpass_map_02.png,청양군|카페|카페 신동,0.55,true
청양군,청양고추문화공원,관광지,확인필요,,,,tourpass_map_01.png;tourpass_map_02.png,청양군|관광지|청양고추문화공원,0.55,true
청양군,메아리스튜디오,체험,확인필요,,,,tourpass_map_01.png;tourpass_map_02.png,청양군|체험|메아리스튜디오,0.55,true
청양군,포포스토리,확인필요,확인필요,,,,tourpass_map_01.png;tourpass_map_02.png,청양군|확인필요|포포스토리,0.4,true
청양군,청양고덕갈비,음식점,확인필요,,,,tourpass_map_01.png;tourpass_map_02.png,청양군|음식점|청양고덕갈비,0.55,true
